,Retailers: Inventories to Sales Ratio,Total Business: Inventories to Sales Ratio,Total Business Inventories,Exchange Rates (Value of Foreign Currency Relative to U.S. Dollar) in Belgium (DISCONTINUED),Employment in Manufacturing in the United Kingdom (DISCONTINUED),"Real Hourly Compensation in Manufacturing, CPI Basis, in Italy (DISCONTINUED)",Chicago Fed Midwest Manufacturing Index (DISCONTINUED),Chicago Fed Midwest Manufacturing Index for the Steel Sector Output (DISCONTINUED),Chicago Fed Midwest Manufacturing Index for the Resource Sector Output (DISCONTINUED),Current General Business Conditions; Diffusion Index for New York,Future Capital Expenditures; Diffusion Index for New York,Current New Orders; Diffusion Index for New York,Current General Activity; Diffusion Index for Federal Reserve District 3: Philadelphia,Future Capital Expenditures; Diffusion Index for Federal Reserve District 3: Philadelphia,Future New Orders; Diffusion Index for Federal Reserve District 3: Philadelphia,Current New Orders; Diffusion Index for Federal Reserve District 3: Philadelphia,Current Prices Paid; Diffusion Index for Federal Reserve District 3: Philadelphia,"Current Number of Part-Time, Temporary, and Contract Employees; Percent of Respondents Reporting Decreases for Federal Reserve District 3: Philadelphia",Current General Business Activity; Diffusion Index for Texas,Current Prices Paid for Raw Materials; Percentage Reporting Increases for Texas,Future Prices Paid for Raw Materials; Diffusion Index for Texas
1928-01-01,,,,,,,,,,,,,,,,,,,,,
1928-02-01,,,,,,,,,,,,,,,,,,,,,
1928-03-01,,,,,,,,,,,,,,,,,,,,,
1928-04-01,,,,,,,,,,,,,,,,,,,,,
1928-05-01,,,,,,,,,,,,,,,,,,,,,
1928-06-01,,,,,,,,,,,,,,,,,,,,,
1928-07-01,,,,,,,,,,,,,,,,,,,,,
1928-08-01,,,,,,,,,,,,,,,,,,,,,
1928-09-01,,,,,,,,,,,,,,,,,,,,,
1928-10-01,,,,,,,,,,,,,,,,,,,,,
1928-11-01,,,,,,,,,,,,,,,,,,,,,
1928-12-01,,,,,,,,,,,,,,,,,,,,,
1929-01-01,,,,,,,,,,,,,,,,,,,,,
1929-02-01,,,,,,,,,,,,,,,,,,,,,
1929-03-01,,,,,,,,,,,,,,,,,,,,,
1929-04-01,,,,,,,,,,,,,,,,,,,,,
1929-05-01,,,,,,,,,,,,,,,,,,,,,
1929-06-01,,,,,,,,,,,,,,,,,,,,,
1929-07-01,,,,,,,,,,,,,,,,,,,,,
1929-08-01,,,,,,,,,,,,,,,,,,,,,
1929-09-01,,,,,,,,,,,,,,,,,,,,,
1929-10-01,,,,,,,,,,,,,,,,,,,,,
1929-11-01,,,,,,,,,,,,,,,,,,,,,
1929-12-01,,,,,,,,,,,,,,,,,,,,,
1930-01-01,,,,,,,,,,,,,,,,,,,,,
1930-02-01,,,,,,,,,,,,,,,,,,,,,
1930-03-01,,,,,,,,,,,,,,,,,,,,,
1930-04-01,,,,,,,,,,,,,,,,,,,,,
1930-05-01,,,,,,,,,,,,,,,,,,,,,
1930-06-01,,,,,,,,,,,,,,,,,,,,,
1930-07-01,,,,,,,,,,,,,,,,,,,,,
1930-08-01,,,,,,,,,,,,,,,,,,,,,
1930-09-01,,,,,,,,,,,,,,,,,,,,,
1930-10-01,,,,,,,,,,,,,,,,,,,,,
1930-11-01,,,,,,,,,,,,,,,,,,,,,
1930-12-01,,,,,,,,,,,,,,,,,,,,,
1931-01-01,,,,,,,,,,,,,,,,,,,,,
1931-02-01,,,,,,,,,,,,,,,,,,,,,
1931-03-01,,,,,,,,,,,,,,,,,,,,,
1931-04-01,,,,,,,,,,,,,,,,,,,,,
1931-05-01,,,,,,,,,,,,,,,,,,,,,
1931-06-01,,,,,,,,,,,,,,,,,,,,,
1931-07-01,,,,,,,,,,,,,,,,,,,,,
1931-08-01,,,,,,,,,,,,,,,,,,,,,
1931-09-01,,,,,,,,,,,,,,,,,,,,,
1931-10-01,,,,,,,,,,,,,,,,,,,,,
1931-11-01,,,,,,,,,,,,,,,,,,,,,
1931-12-01,,,,,,,,,,,,,,,,,,,,,
1932-01-01,,,,,,,,,,,,,,,,,,,,,
1932-02-01,,,,,,,,,,,,,,,,,,,,,
1932-03-01,,,,,,,,,,,,,,,,,,,,,
1932-04-01,,,,,,,,,,,,,,,,,,,,,
1932-05-01,,,,,,,,,,,,,,,,,,,,,
1932-06-01,,,,,,,,,,,,,,,,,,,,,
1932-07-01,,,,,,,,,,,,,,,,,,,,,
1932-08-01,,,,,,,,,,,,,,,,,,,,,
1932-09-01,,,,,,,,,,,,,,,,,,,,,
1932-10-01,,,,,,,,,,,,,,,,,,,,,
1932-11-01,,,,,,,,,,,,,,,,,,,,,
1932-12-01,,,,,,,,,,,,,,,,,,,,,
1933-01-01,,,,,,,,,,,,,,,,,,,,,
1933-02-01,,,,,,,,,,,,,,,,,,,,,
1933-03-01,,,,,,,,,,,,,,,,,,,,,
1933-04-01,,,,,,,,,,,,,,,,,,,,,
1933-05-01,,,,,,,,,,,,,,,,,,,,,
1933-06-01,,,,,,,,,,,,,,,,,,,,,
1933-07-01,,,,,,,,,,,,,,,,,,,,,
1933-08-01,,,,,,,,,,,,,,,,,,,,,
1933-09-01,,,,,,,,,,,,,,,,,,,,,
1933-10-01,,,,,,,,,,,,,,,,,,,,,
1933-11-01,,,,,,,,,,,,,,,,,,,,,
1933-12-01,,,,,,,,,,,,,,,,,,,,,
1934-01-01,,,,,,,,,,,,,,,,,,,,,
1934-02-01,,,,,,,,,,,,,,,,,,,,,
1934-03-01,,,,,,,,,,,,,,,,,,,,,
1934-04-01,,,,,,,,,,,,,,,,,,,,,
1934-05-01,,,,,,,,,,,,,,,,,,,,,
1934-06-01,,,,,,,,,,,,,,,,,,,,,
1934-07-01,,,,,,,,,,,,,,,,,,,,,
1934-08-01,,,,,,,,,,,,,,,,,,,,,
1934-09-01,,,,,,,,,,,,,,,,,,,,,
1934-10-01,,,,,,,,,,,,,,,,,,,,,
1934-11-01,,,,,,,,,,,,,,,,,,,,,
1934-12-01,,,,,,,,,,,,,,,,,,,,,
1935-01-01,,,,,,,,,,,,,,,,,,,,,
1935-02-01,,,,,,,,,,,,,,,,,,,,,
1935-03-01,,,,,,,,,,,,,,,,,,,,,
1935-04-01,,,,,,,,,,,,,,,,,,,,,
1935-05-01,,,,,,,,,,,,,,,,,,,,,
1935-06-01,,,,,,,,,,,,,,,,,,,,,
1935-07-01,,,,,,,,,,,,,,,,,,,,,
1935-08-01,,,,,,,,,,,,,,,,,,,,,
1935-09-01,,,,,,,,,,,,,,,,,,,,,
1935-10-01,,,,,,,,,,,,,,,,,,,,,
1935-11-01,,,,,,,,,,,,,,,,,,,,,
1935-12-01,,,,,,,,,,,,,,,,,,,,,
1936-01-01,,,,,,,,,,,,,,,,,,,,,
1936-02-01,,,,,,,,,,,,,,,,,,,,,
1936-03-01,,,,,,,,,,,,,,,,,,,,,
1936-04-01,,,,,,,,,,,,,,,,,,,,,
1936-05-01,,,,,,,,,,,,,,,,,,,,,
1936-06-01,,,,,,,,,,,,,,,,,,,,,
1936-07-01,,,,,,,,,,,,,,,,,,,,,
1936-08-01,,,,,,,,,,,,,,,,,,,,,
1936-09-01,,,,,,,,,,,,,,,,,,,,,
1936-10-01,,,,,,,,,,,,,,,,,,,,,
1936-11-01,,,,,,,,,,,,,,,,,,,,,
1936-12-01,,,,,,,,,,,,,,,,,,,,,
1937-01-01,,,,,,,,,,,,,,,,,,,,,
1937-02-01,,,,,,,,,,,,,,,,,,,,,
1937-03-01,,,,,,,,,,,,,,,,,,,,,
1937-04-01,,,,,,,,,,,,,,,,,,,,,
1937-05-01,,,,,,,,,,,,,,,,,,,,,
1937-06-01,,,,,,,,,,,,,,,,,,,,,
1937-07-01,,,,,,,,,,,,,,,,,,,,,
1937-08-01,,,,,,,,,,,,,,,,,,,,,
1937-09-01,,,,,,,,,,,,,,,,,,,,,
1937-10-01,,,,,,,,,,,,,,,,,,,,,
1937-11-01,,,,,,,,,,,,,,,,,,,,,
1937-12-01,,,,,,,,,,,,,,,,,,,,,
1938-01-01,,,,,,,,,,,,,,,,,,,,,
1938-02-01,,,,,,,,,,,,,,,,,,,,,
1938-03-01,,,,,,,,,,,,,,,,,,,,,
1938-04-01,,,,,,,,,,,,,,,,,,,,,
1938-05-01,,,,,,,,,,,,,,,,,,,,,
1938-06-01,,,,,,,,,,,,,,,,,,,,,
1938-07-01,,,,,,,,,,,,,,,,,,,,,
1938-08-01,,,,,,,,,,,,,,,,,,,,,
1938-09-01,,,,,,,,,,,,,,,,,,,,,
1938-10-01,,,,,,,,,,,,,,,,,,,,,
1938-11-01,,,,,,,,,,,,,,,,,,,,,
1938-12-01,,,,,,,,,,,,,,,,,,,,,
1939-01-01,,,,,,,,,,,,,,,,,,,,,
1939-02-01,,,,,,,,,,,,,,,,,,,,,
1939-03-01,,,,,,,,,,,,,,,,,,,,,
1939-04-01,,,,,,,,,,,,,,,,,,,,,
1939-05-01,,,,,,,,,,,,,,,,,,,,,
1939-06-01,,,,,,,,,,,,,,,,,,,,,
1939-07-01,,,,,,,,,,,,,,,,,,,,,
1939-08-01,,,,,,,,,,,,,,,,,,,,,
1939-09-01,,,,,,,,,,,,,,,,,,,,,
1939-10-01,,,,,,,,,,,,,,,,,,,,,
1939-11-01,,,,,,,,,,,,,,,,,,,,,
1939-12-01,,,,,,,,,,,,,,,,,,,,,
1940-01-01,,,,,,,,,,,,,,,,,,,,,
1940-02-01,,,,,,,,,,,,,,,,,,,,,
1940-03-01,,,,,,,,,,,,,,,,,,,,,
1940-04-01,,,,,,,,,,,,,,,,,,,,,
1940-05-01,,,,,,,,,,,,,,,,,,,,,
1940-06-01,,,,,,,,,,,,,,,,,,,,,
1940-07-01,,,,,,,,,,,,,,,,,,,,,
1940-08-01,,,,,,,,,,,,,,,,,,,,,
1940-09-01,,,,,,,,,,,,,,,,,,,,,
1940-10-01,,,,,,,,,,,,,,,,,,,,,
1940-11-01,,,,,,,,,,,,,,,,,,,,,
1940-12-01,,,,,,,,,,,,,,,,,,,,,
1941-01-01,,,,,,,,,,,,,,,,,,,,,
1941-02-01,,,,,,,,,,,,,,,,,,,,,
1941-03-01,,,,,,,,,,,,,,,,,,,,,
1941-04-01,,,,,,,,,,,,,,,,,,,,,
1941-05-01,,,,,,,,,,,,,,,,,,,,,
1941-06-01,,,,,,,,,,,,,,,,,,,,,
1941-07-01,,,,,,,,,,,,,,,,,,,,,
1941-08-01,,,,,,,,,,,,,,,,,,,,,
1941-09-01,,,,,,,,,,,,,,,,,,,,,
1941-10-01,,,,,,,,,,,,,,,,,,,,,
1941-11-01,,,,,,,,,,,,,,,,,,,,,
1941-12-01,,,,,,,,,,,,,,,,,,,,,
1942-01-01,,,,,,,,,,,,,,,,,,,,,
1942-02-01,,,,,,,,,,,,,,,,,,,,,
1942-03-01,,,,,,,,,,,,,,,,,,,,,
1942-04-01,,,,,,,,,,,,,,,,,,,,,
1942-05-01,,,,,,,,,,,,,,,,,,,,,
1942-06-01,,,,,,,,,,,,,,,,,,,,,
1942-07-01,,,,,,,,,,,,,,,,,,,,,
1942-08-01,,,,,,,,,,,,,,,,,,,,,
1942-09-01,,,,,,,,,,,,,,,,,,,,,
1942-10-01,,,,,,,,,,,,,,,,,,,,,
1942-11-01,,,,,,,,,,,,,,,,,,,,,
1942-12-01,,,,,,,,,,,,,,,,,,,,,
1943-01-01,,,,,,,,,,,,,,,,,,,,,
1943-02-01,,,,,,,,,,,,,,,,,,,,,
1943-03-01,,,,,,,,,,,,,,,,,,,,,
1943-04-01,,,,,,,,,,,,,,,,,,,,,
1943-05-01,,,,,,,,,,,,,,,,,,,,,
1943-06-01,,,,,,,,,,,,,,,,,,,,,
1943-07-01,,,,,,,,,,,,,,,,,,,,,
1943-08-01,,,,,,,,,,,,,,,,,,,,,
1943-09-01,,,,,,,,,,,,,,,,,,,,,
1943-10-01,,,,,,,,,,,,,,,,,,,,,
1943-11-01,,,,,,,,,,,,,,,,,,,,,
1943-12-01,,,,,,,,,,,,,,,,,,,,,
1944-01-01,,,,,,,,,,,,,,,,,,,,,
1944-02-01,,,,,,,,,,,,,,,,,,,,,
1944-03-01,,,,,,,,,,,,,,,,,,,,,
1944-04-01,,,,,,,,,,,,,,,,,,,,,
1944-05-01,,,,,,,,,,,,,,,,,,,,,
1944-06-01,,,,,,,,,,,,,,,,,,,,,
1944-07-01,,,,,,,,,,,,,,,,,,,,,
1944-08-01,,,,,,,,,,,,,,,,,,,,,
1944-09-01,,,,,,,,,,,,,,,,,,,,,
1944-10-01,,,,,,,,,,,,,,,,,,,,,
1944-11-01,,,,,,,,,,,,,,,,,,,,,
1944-12-01,,,,,,,,,,,,,,,,,,,,,
1945-01-01,,,,,,,,,,,,,,,,,,,,,
1945-02-01,,,,,,,,,,,,,,,,,,,,,
1945-03-01,,,,,,,,,,,,,,,,,,,,,
1945-04-01,,,,,,,,,,,,,,,,,,,,,
1945-05-01,,,,,,,,,,,,,,,,,,,,,
1945-06-01,,,,,,,,,,,,,,,,,,,,,
1945-07-01,,,,,,,,,,,,,,,,,,,,,
1945-08-01,,,,,,,,,,,,,,,,,,,,,
1945-09-01,,,,,,,,,,,,,,,,,,,,,
1945-10-01,,,,,,,,,,,,,,,,,,,,,
1945-11-01,,,,,,,,,,,,,,,,,,,,,
1945-12-01,,,,,,,,,,,,,,,,,,,,,
1946-01-01,,,,,,,,,,,,,,,,,,,,,
1946-02-01,,,,,,,,,,,,,,,,,,,,,
1946-03-01,,,,,,,,,,,,,,,,,,,,,
1946-04-01,,,,,,,,,,,,,,,,,,,,,
1946-05-01,,,,,,,,,,,,,,,,,,,,,
1946-06-01,,,,,,,,,,,,,,,,,,,,,
1946-07-01,,,,,,,,,,,,,,,,,,,,,
1946-08-01,,,,,,,,,,,,,,,,,,,,,
1946-09-01,,,,,,,,,,,,,,,,,,,,,
1946-10-01,,,,,,,,,,,,,,,,,,,,,
1946-11-01,,,,,,,,,,,,,,,,,,,,,
1946-12-01,,,,,,,,,,,,,,,,,,,,,
1947-01-01,,,,,,,,,,,,,,,,,,,,,
1947-02-01,,,,,,,,,,,,,,,,,,,,,
1947-03-01,,,,,,,,,,,,,,,,,,,,,
1947-04-01,,,,,,,,,,,,,,,,,,,,,
1947-05-01,,,,,,,,,,,,,,,,,,,,,
1947-06-01,,,,,,,,,,,,,,,,,,,,,
1947-07-01,,,,,,,,,,,,,,,,,,,,,
1947-08-01,,,,,,,,,,,,,,,,,,,,,
1947-09-01,,,,,,,,,,,,,,,,,,,,,
1947-10-01,,,,,,,,,,,,,,,,,,,,,
1947-11-01,,,,,,,,,,,,,,,,,,,,,
1947-12-01,,,,,,,,,,,,,,,,,,,,,
1948-01-01,,,,,,,,,,,,,,,,,,,,,
1948-02-01,,,,,,,,,,,,,,,,,,,,,
1948-03-01,,,,,,,,,,,,,,,,,,,,,
1948-04-01,,,,,,,,,,,,,,,,,,,,,
1948-05-01,,,,,,,,,,,,,,,,,,,,,
1948-06-01,,,,,,,,,,,,,,,,,,,,,
1948-07-01,,,,,,,,,,,,,,,,,,,,,
1948-08-01,,,,,,,,,,,,,,,,,,,,,
1948-09-01,,,,,,,,,,,,,,,,,,,,,
1948-10-01,,,,,,,,,,,,,,,,,,,,,
1948-11-01,,,,,,,,,,,,,,,,,,,,,
1948-12-01,,,,,,,,,,,,,,,,,,,,,
1949-01-01,,,,,,,,,,,,,,,,,,,,,
1949-02-01,,,,,,,,,,,,,,,,,,,,,
1949-03-01,,,,,,,,,,,,,,,,,,,,,
1949-04-01,,,,,,,,,,,,,,,,,,,,,
1949-05-01,,,,,,,,,,,,,,,,,,,,,
1949-06-01,,,,,,,,,,,,,,,,,,,,,
1949-07-01,,,,,,,,,,,,,,,,,,,,,
1949-08-01,,,,,,,,,,,,,,,,,,,,,
1949-09-01,,,,,,,,,,,,,,,,,,,,,
1949-10-01,,,,,,,,,,,,,,,,,,,,,
1949-11-01,,,,,,,,,,,,,,,,,,,,,
1949-12-01,,,,,,,,,,,,,,,,,,,,,
1950-01-01,,,,84.2,175.3,16.8,,,,,,,,,,,,,,,
1950-02-01,,,,,,,,,,,,,,,,,,,,,
1950-03-01,,,,,,,,,,,,,,,,,,,,,
1950-04-01,,,,,,,,,,,,,,,,,,,,,
1950-05-01,,,,,,,,,,,,,,,,,,,,,
1950-06-01,,,,,,,,,,,,,,,,,,,,,
1950-07-01,,,,,,,,,,,,,,,,,,,,,
1950-08-01,,,,,,,,,,,,,,,,,,,,,
1950-09-01,,,,,,,,,,,,,,,,,,,,,
1950-10-01,,,,,,,,,,,,,,,,,,,,,
1950-11-01,,,,,,,,,,,,,,,,,,,,,
1950-12-01,,,,,,,,,,,,,,,,,,,,,
1951-01-01,,,,83.7,179.6,16.8,,,,,,,,,,,,,,,
1951-02-01,,,,,,,,,,,,,,,,,,,,,
1951-03-01,,,,,,,,,,,,,,,,,,,,,
1951-04-01,,,,,,,,,,,,,,,,,,,,,
1951-05-01,,,,,,,,,,,,,,,,,,,,,
1951-06-01,,,,,,,,,,,,,,,,,,,,,
1951-07-01,,,,,,,,,,,,,,,,,,,,,
1951-08-01,,,,,,,,,,,,,,,,,,,,,
1951-09-01,,,,,,,,,,,,,,,,,,,,,
1951-10-01,,,,,,,,,,,,,,,,,,,,,
1951-11-01,,,,,,,,,,,,,,,,,,,,,
1951-12-01,,,,,,,,,,,,,,,,,,,,,
1952-01-01,,,,84.8,179.2,17.4,,,,,,,,,,,,,,,
1952-02-01,,,,,,,,,,,,,,,,,,,,,
1952-03-01,,,,,,,,,,,,,,,,,,,,,
1952-04-01,,,,,,,,,,,,,,,,,,,,,
1952-05-01,,,,,,,,,,,,,,,,,,,,,
1952-06-01,,,,,,,,,,,,,,,,,,,,,
1952-07-01,,,,,,,,,,,,,,,,,,,,,
1952-08-01,,,,,,,,,,,,,,,,,,,,,
1952-09-01,,,,,,,,,,,,,,,,,,,,,
1952-10-01,,,,,,,,,,,,,,,,,,,,,
1952-11-01,,,,,,,,,,,,,,,,,,,,,
1952-12-01,,,,,,,,,,,,,,,,,,,,,
1953-01-01,,,,85.4,181.6,18.3,,,,,,,,,,,,,,,
1953-02-01,,,,,,,,,,,,,,,,,,,,,
1953-03-01,,,,,,,,,,,,,,,,,,,,,
1953-04-01,,,,,,,,,,,,,,,,,,,,,
1953-05-01,,,,,,,,,,,,,,,,,,,,,
1953-06-01,,,,,,,,,,,,,,,,,,,,,
1953-07-01,,,,,,,,,,,,,,,,,,,,,
1953-08-01,,,,,,,,,,,,,,,,,,,,,
1953-09-01,,,,,,,,,,,,,,,,,,,,,
1953-10-01,,,,,,,,,,,,,,,,,,,,,
1953-11-01,,,,,,,,,,,,,,,,,,,,,
1953-12-01,,,,,,,,,,,,,,,,,,,,,
1954-01-01,,,,85.2,184.0,18.5,,,,,,,,,,,,,,,
1954-02-01,,,,,,,,,,,,,,,,,,,,,
1954-03-01,,,,,,,,,,,,,,,,,,,,,
1954-04-01,,,,,,,,,,,,,,,,,,,,,
1954-05-01,,,,,,,,,,,,,,,,,,,,,
1954-06-01,,,,,,,,,,,,,,,,,,,,,
1954-07-01,,,,,,,,,,,,,,,,,,,,,
1954-08-01,,,,,,,,,,,,,,,,,,,,,
1954-09-01,,,,,,,,,,,,,,,,,,,,,
1954-10-01,,,,,,,,,,,,,,,,,,,,,
1954-11-01,,,,,,,,,,,,,,,,,,,,,
1954-12-01,,,,,,,,,,,,,,,,,,,,,
1955-01-01,,,,84.9,188.5,19.6,,,,,,,,,,,,,,,
1955-02-01,,,,,,,,,,,,,,,,,,,,,
1955-03-01,,,,,,,,,,,,,,,,,,,,,
1955-04-01,,,,,,,,,,,,,,,,,,,,,
1955-05-01,,,,,,,,,,,,,,,,,,,,,
1955-06-01,,,,,,,,,,,,,,,,,,,,,
1955-07-01,,,,,,,,,,,,,,,,,,,,,
1955-08-01,,,,,,,,,,,,,,,,,,,,,
1955-09-01,,,,,,,,,,,,,,,,,,,,,
1955-10-01,,,,,,,,,,,,,,,,,,,,,
1955-11-01,,,,,,,,,,,,,,,,,,,,,
1955-12-01,,,,,,,,,,,,,,,,,,,,,
1956-01-01,,,,85.5,189.7,20.5,,,,,,,,,,,,,,,
1956-02-01,,,,,,,,,,,,,,,,,,,,,
1956-03-01,,,,,,,,,,,,,,,,,,,,,
1956-04-01,,,,,,,,,,,,,,,,,,,,,
1956-05-01,,,,,,,,,,,,,,,,,,,,,
1956-06-01,,,,,,,,,,,,,,,,,,,,,
1956-07-01,,,,,,,,,,,,,,,,,,,,,
1956-08-01,,,,,,,,,,,,,,,,,,,,,
1956-09-01,,,,,,,,,,,,,,,,,,,,,
1956-10-01,,,,,,,,,,,,,,,,,,,,,
1956-11-01,,,,,,,,,,,,,,,,,,,,,
1956-12-01,,,,,,,,,,,,,,,,,,,,,
1957-01-01,,,,84.9,189.7,21.0,,,,,,,,,,,,,,,
1957-02-01,,,,,,,,,,,,,,,,,,,,,
1957-03-01,,,,,,,,,,,,,,,,,,,,,
1957-04-01,,,,,,,,,,,,,,,,,,,,,
1957-05-01,,,,,,,,,,,,,,,,,,,,,
1957-06-01,,,,,,,,,,,,,,,,,,,,,
1957-07-01,,,,,,,,,,,,,,,,,,,,,
1957-08-01,,,,,,,,,,,,,,,,,,,,,
1957-09-01,,,,,,,,,,,,,,,,,,,,,
1957-10-01,,,,,,,,,,,,,,,,,,,,,
1957-11-01,,,,,,,,,,,,,,,,,,,,,
1957-12-01,,,,,,,,,,,,,,,,,,,,,
1958-01-01,,,,85.5,186.6,21.4,,,,,,,,,,,,,,,
1958-02-01,,,,,,,,,,,,,,,,,,,,,
1958-03-01,,,,,,,,,,,,,,,,,,,,,
1958-04-01,,,,,,,,,,,,,,,,,,,,,
1958-05-01,,,,,,,,,,,,,,,,,,,,,
1958-06-01,,,,,,,,,,,,,,,,,,,,,
1958-07-01,,,,,,,,,,,,,,,,,,,,,
1958-08-01,,,,,,,,,,,,,,,,,,,,,
1958-09-01,,,,,,,,,,,,,,,,,,,,,
1958-10-01,,,,,,,,,,,,,,,,,,,,,
1958-11-01,,,,,,,,,,,,,,,,,,,,,
1958-12-01,,,,,,,,,,,,,,,,,,,,,
1959-01-01,,,,85.4,188.2,22.3,,,,,,,,,,,,,,,
1959-02-01,,,,,,,,,,,,,,,,,,,,,
1959-03-01,,,,,,,,,,,,,,,,,,,,,
1959-04-01,,,,,,,,,,,,,,,,,,,,,
1959-05-01,,,,,,,,,,,,,,,,,,,,,
1959-06-01,,,,,,,,,,,,,,,,,,,,,
1959-07-01,,,,,,,,,,,,,,,,,,,,,
1959-08-01,,,,,,,,,,,,,,,,,,,,,
1959-09-01,,,,,,,,,,,,,,,,,,,,,
1959-10-01,,,,,,,,,,,,,,,,,,,,,
1959-11-01,,,,,,,,,,,,,,,,,,,,,
1959-12-01,,,,,,,,,,,,,,,,,,,,,
1960-01-01,,,,85.6,196.3,23.5,,,,,,,,,,,,,,,
1960-02-01,,,,,,,,,,,,,,,,,,,,,
1960-03-01,,,,,,,,,,,,,,,,,,,,,
1960-04-01,,,,,,,,,,,,,,,,,,,,,
1960-05-01,,,,,,,,,,,,,,,,,,,,,
1960-06-01,,,,,,,,,,,,,,,,,,,,,
1960-07-01,,,,,,,,,,,,,,,,,,,,,
1960-08-01,,,,,,,,,,,,,,,,,,,,,
1960-09-01,,,,,,,,,,,,,,,,,,,,,
1960-10-01,,,,,,,,,,,,,,,,,,,,,
1960-11-01,,,,,,,,,,,,,,,,,,,,,
1960-12-01,,,,,,,,,,,,,,,,,,,,,
1961-01-01,,,,85.6,199.0,25.5,,,,,,,,,,,,,,,
1961-02-01,,,,,,,,,,,,,,,,,,,,,
1961-03-01,,,,,,,,,,,,,,,,,,,,,
1961-04-01,,,,,,,,,,,,,,,,,,,,,
1961-05-01,,,,,,,,,,,,,,,,,,,,,
1961-06-01,,,,,,,,,,,,,,,,,,,,,
1961-07-01,,,,,,,,,,,,,,,,,,,,,
1961-08-01,,,,,,,,,,,,,,,,,,,,,
1961-09-01,,,,,,,,,,,,,,,,,,,,,
1961-10-01,,,,,,,,,,,,,,,,,,,,,
1961-11-01,,,,,,,,,,,,,,,,,,,,,
1961-12-01,,,,,,,,,,,,,,,,,,,,,
1962-01-01,,,,85.7,197.1,28.8,,,,,,,,,,,,,,,
1962-02-01,,,,,,,,,,,,,,,,,,,,,
1962-03-01,,,,,,,,,,,,,,,,,,,,,
1962-04-01,,,,,,,,,,,,,,,,,,,,,
1962-05-01,,,,,,,,,,,,,,,,,,,,,
1962-06-01,,,,,,,,,,,,,,,,,,,,,
1962-07-01,,,,,,,,,,,,,,,,,,,,,
1962-08-01,,,,,,,,,,,,,,,,,,,,,
1962-09-01,,,,,,,,,,,,,,,,,,,,,
1962-10-01,,,,,,,,,,,,,,,,,,,,,
1962-11-01,,,,,,,,,,,,,,,,,,,,,
1962-12-01,,,,,,,,,,,,,,,,,,,,,
1963-01-01,,,,85.6,194.0,31.7,,,,,,,,,,,,,,,
1963-02-01,,,,,,,,,,,,,,,,,,,,,
1963-03-01,,,,,,,,,,,,,,,,,,,,,
1963-04-01,,,,,,,,,,,,,,,,,,,,,
1963-05-01,,,,,,,,,,,,,,,,,,,,,
1963-06-01,,,,,,,,,,,,,,,,,,,,,
1963-07-01,,,,,,,,,,,,,,,,,,,,,
1963-08-01,,,,,,,,,,,,,,,,,,,,,
1963-09-01,,,,,,,,,,,,,,,,,,,,,
1963-10-01,,,,,,,,,,,,,,,,,,,,,
1963-11-01,,,,,,,,,,,,,,,,,,,,,
1963-12-01,,,,,,,,,,,,,,,,,,,,,
1964-01-01,,,,85.8,197.0,31.9,,,,,,,,,,,,,,,
1964-02-01,,,,,,,,,,,,,,,,,,,,,
1964-03-01,,,,,,,,,,,,,,,,,,,,,
1964-04-01,,,,,,,,,,,,,,,,,,,,,
1964-05-01,,,,,,,,,,,,,,,,,,,,,
1964-06-01,,,,,,,,,,,,,,,,,,,,,
1964-07-01,,,,,,,,,,,,,,,,,,,,,
1964-08-01,,,,,,,,,,,,,,,,,,,,,
1964-09-01,,,,,,,,,,,,,,,,,,,,,
1964-10-01,,,,,,,,,,,,,,,,,,,,,
1964-11-01,,,,,,,,,,,,,,,,,,,,,
1964-12-01,,,,,,,,,,,,,,,,,,,,,
1965-01-01,,,,86.0,199.6,32.7,,,,,,,,,,,,,,,
1965-02-01,,,,,,,,,,,,,,,,,,,,,
1965-03-01,,,,,,,,,,,,,,,,,,,,,
1965-04-01,,,,,,,,,,,,,,,,,,,,,
1965-05-01,,,,,,,,,,,,,,,,,,,,,
1965-06-01,,,,,,,,,,,,,,,,,,,,,
1965-07-01,,,,,,,,,,,,,,,,,,,,,
1965-08-01,,,,,,,,,,,,,,,,,,,,,
1965-09-01,,,,,,,,,,,,,,,,,,,,,
1965-10-01,,,,,,,,,,,,,,,,,,,,,
1965-11-01,,,,,,,,,,,,,,,,,,,,,
1965-12-01,,,,,,,,,,,,,,,,,,,,,
1966-01-01,,,,85.6,200.1,34.0,,,,,,,,,,,,,,,
1966-02-01,,,,,,,,,,,,,,,,,,,,,
1966-03-01,,,,,,,,,,,,,,,,,,,,,
1966-04-01,,,,,,,,,,,,,,,,,,,,,
1966-05-01,,,,,,,,,,,,,,,,,,,,,
1966-06-01,,,,,,,,,,,,,,,,,,,,,
1966-07-01,,,,,,,,,,,,,,,,,,,,,
1966-08-01,,,,,,,,,,,,,,,,,,,,,
1966-09-01,,,,,,,,,,,,,,,,,,,,,
1966-10-01,,,,,,,,,,,,,,,,,,,,,
1966-11-01,,,,,,,,,,,,,,,,,,,,,
1966-12-01,,,,,,,,,,,,,,,,,,,,,
1967-01-01,,,,85.9,194.0,36.2,,,,,,,,,,,,,,,
1967-02-01,,,,,,,,,,,,,,,,,,,,,
1967-03-01,,,,,,,,,,,,,,,,,,,,,
1967-04-01,,,,,,,,,,,,,,,,,,,,,
1967-05-01,,,,,,,,,,,,,,,,,,,,,
1967-06-01,,,,,,,,,,,,,,,,,,,,,
1967-07-01,,,,,,,,,,,,,,,,,,,,,
1967-08-01,,,,,,,,,,,,,,,,,,,,,
1967-09-01,,,,,,,,,,,,,,,,,,,,,
1967-10-01,,,,,,,,,,,,,,,,,,,,,
1967-11-01,,,,,,,,,,,,,,,,,,,,,
1967-12-01,,,,,,,,,,,,,,,,,,,,,
1968-01-01,,,,85.5,192.1,38.1,,,,,,,,,,,,,,,
1968-02-01,,,,,,,,,,,,,,,,,,,,,
1968-03-01,,,,,,,,,,,,,,,,,,,,,
1968-04-01,,,,,,,,,,,,,,,,,,,,,
1968-05-01,,,,,,,,,,,,,32.2,22.7,19.8,,,,,,
1968-06-01,,,,,,,,,,,,,18.4,25.3,30.6,,,,,,
1968-07-01,,,,,,,,,,,,,33.3,25.3,43.8,,,,,,
1968-08-01,,,,,,,,,,,,,-3.9,18.5,36.6,,,,,,
1968-09-01,,,,,,,,,,,,,9.5,16.0,20.8,,,,,,
1968-10-01,,,,,,,,,,,,,6.8,22.9,39.8,,,,,,
1968-11-01,,,,,,,,,,,,,13.2,34.0,38.4,,,,,,
1968-12-01,,,,,,,,,,,,,23.5,25.8,40.8,,,,,,
1969-01-01,,,,85.1,194.7,40.8,,,,,,,-11.3,24.1,36.7,,,,,,
1969-02-01,,,,,,,,,,,,,16.8,35.2,32.7,,,,,,
1969-03-01,,,,,,,,,,,,,27.8,22.8,42.6,,,,,,
1969-04-01,,,,,,,,,,,,,18.1,25.9,25.9,,,,,,
1969-05-01,,,,,,,,,,,,,12.7,19.2,16.2,,,,,,
1969-06-01,,,,,,,,,,,,,18.5,19.7,12.7,,,,,,
1969-07-01,,,,,,,,,,,,,-1.1,18.3,16.8,,,,,,
1969-08-01,,,,,,,,,,,,,8.0,16.0,10.4,,,,,,
1969-09-01,,,,,,,,,,,,,-1.6,6.9,18.7,,,,,,
1969-10-01,,,,,,,,,,,,,12.1,9.3,17.2,,,,,,
1969-11-01,,,,,,,,,,,,,-3.4,2.7,19.7,,,,,,
1969-12-01,,,,,,,,,,,,,-7.9,-1.6,24.3,,,,,,
1970-01-01,,,,85.9,194.4,47.3,,,,,,,-13.1,4.0,49.5,,,,,,
1970-02-01,,,,,,,,,,,,,-18.1,1.0,34.9,,,,,,
1970-03-01,,,,,,,,,,,,,-31.2,9.7,50.1,,,,,,
1970-04-01,,,,,,,,,,,,,-16.9,14.2,56.6,,,,,,
1970-05-01,,,,,,,,,,,,,-21.5,6.4,64.4,,,,,,
1970-06-01,,,,,,,,,,,,,-8.4,-1.0,64.0,,,,,,
1970-07-01,,,,,,,,,,,,,7.0,0.7,50.1,,,,,,
1970-08-01,,,,,,,,,,,,,6.9,5.1,64.1,,,,,,
1970-09-01,,,,,,,,,,,,,14.0,7.8,61.2,,,,,,
1970-10-01,,,,,,,,,,,,,3.7,5.7,69.0,,,,,,
1970-11-01,,,,,,,,,,,,,6.4,3.0,68.6,,,,,,
1970-12-01,,,,,,,,,,,,,10.2,5.2,59.4,,,,,,
1971-01-01,,,,87.9,187.8,52.0,,,,,,,28.9,-1.1,52.1,,,,,,
1971-02-01,,,,,,,,,,,,,39.0,-0.6,68.4,,,,,,
1971-03-01,,,,,,,,,,,,,33.3,-0.9,56.2,,,,,,
1971-04-01,,,,,,,,,,,,,37.4,-10.7,61.8,,,,,,
1971-05-01,,,,,,,,,,,,,39.2,1.8,62.1,,,,,,
1971-06-01,,,,,,,,,,,,,31.3,4.1,58.6,,,,,,
1971-07-01,,,,,,,,,,,,,25.5,8.2,46.9,,,,,,
1971-08-01,,,,,,,,,,,,,22.8,15.7,73.2,,,,,,
1971-09-01,,,,,,,,,,,,,35.9,24.8,70.4,,,,,,
1971-10-01,,,,,,,,,,,,,39.3,18.2,60.5,,,,,,
1971-11-01,,,,,,,,,,,,,32.1,21.5,67.4,,,,,,
1971-12-01,,,,,,,,,,,,,30.4,30.2,66.0,,,,,,
1972-01-01,,,,96.9,183.4,54.1,,,,,,,34.2,25.6,67.6,,,,,,
1972-02-01,,,,,,,,,,,,,30.9,38.7,55.5,,,,,,
1972-03-01,,,,,,,,,,,,,39.5,25.5,49.5,,,,,,
1972-04-01,,,,,,,,,,,,,28.2,31.1,47.1,,,,,,
1972-05-01,,,,,,,,,,,,,35.8,37.8,52.2,,,,,,
1972-06-01,,,,,,,,,,,,,34.1,41.1,45.5,,,,,,
1972-07-01,,,,,,,,,,,,,33.1,40.5,55.3,,,,,,
1972-08-01,,,,,,,,,,,,,35.2,31.7,48.7,,,,,,
1972-09-01,,,,,,,,,,,,,32.9,38.1,47.3,,,,,,
1972-10-01,,,,,,,,,,,,,39.2,37.4,45.0,,,,,,
1972-11-01,,,,,,,,,,,,,47.2,37.6,61.1,,,,,,
1972-12-01,,,,,,,,,,,,,49.1,43.9,68.4,,,,,,
1973-01-01,,,,109.9,184.4,57.8,56.4,85.6,45.7,,,,47.8,42.7,59.5,,,,,,
1973-02-01,,,,,,,57.9,88.1,46.6,,,,40.5,40.8,56.4,,,,,,
1973-03-01,,,,,,,58.5,89.7,46.5,,,,58.5,51.1,53.6,,,,,,
1973-04-01,,,,,,,59.0,89.5,46.7,,,,53.6,32.8,39.9,,,,,,
1973-05-01,,,,,,,59.7,91.7,47.9,,,,36.6,38.8,9.1,,,,,,
1973-06-01,,,,,,,59.4,92.2,47.0,,,,30.4,29.6,27.8,,,,,,
1973-07-01,,,,,,,60.0,93.4,46.9,,,,24.8,20.6,6.1,,,,,,
1973-08-01,,,,,,,59.9,93.7,46.5,,,,18.5,36.5,-2.2,,,,,,
1973-09-01,,,,,,,60.3,93.9,46.9,,,,-0.3,23.1,-8.6,,,,,,
1973-10-01,,,,,,,61.1,95.2,47.7,,,,9.8,26.0,-5.0,,,,,,
1973-11-01,,,,,,,61.7,96.5,48.5,,,,15.4,29.0,-11.1,,,,,,
1973-12-01,,,,,,,61.6,98.2,48.2,,,,8.0,25.2,-42.7,,,,,,
1974-01-01,,,,109.7,185.1,63.1,59.9,96.3,48.3,,,,-12.9,34.2,-19.4,,,,,,
1974-02-01,,,,,,,59.0,93.7,48.1,,,,-13.2,9.5,-18.5,,,,,,
1974-03-01,,,,,,,58.8,92.6,47.9,,,,-12.5,34.6,-7.9,,,,,,
1974-04-01,,,,,,,57.6,91.6,46.7,,,,-11.9,35.4,5.8,,,,,,
1974-05-01,,,,,,,59.0,93.4,46.9,,,,-9.2,38.0,25.1,,,,,,
1974-06-01,,,,,,,59.2,92.4,46.9,,,,-8.7,29.2,16.8,,,,,,
1974-07-01,,,,,,,58.9,92.3,46.1,,,,-8.4,25.2,18.1,,,,,,
1974-08-01,,,,,,,57.7,86.3,45.5,,,,-16.9,8.0,27.3,,,,,,
1974-09-01,,,,,,,58.9,90.0,45.1,,,,-7.4,17.2,25.8,,,,,,
1974-10-01,,,,,,,58.6,89.2,44.9,,,,-26.1,8.5,18.5,,,,,,
1974-11-01,,,,,,,56.0,83.8,43.5,,,,-31.8,2.6,16.9,,,,,,
1974-12-01,,,,,,,52.2,78.2,41.6,,,,-57.9,5.9,26.3,,,,,,
1975-01-01,,,,116.3,176.7,66.5,50.1,74.4,40.8,,,,-44.7,7.1,32.3,,,,,,
1975-02-01,,,,,,,48.1,71.1,39.7,,,,-25.5,6.3,37.6,,,,,,
1975-03-01,,,,,,,47.6,68.2,39.0,,,,-28.4,-10.9,50.2,,,,,,
1975-04-01,,,,,,,47.4,63.9,39.6,,,,-28.1,13.3,57.3,,,,,,
1975-05-01,,,,,,,47.2,61.8,40.0,,,,-18.3,10.3,65.5,,,,,,
1975-06-01,,,,,,,47.3,60.7,41.2,,,,-6.4,19.3,73.1,,,,,,
1975-07-01,,,,,,,48.1,59.5,41.9,,,,13.7,24.6,67.9,,,,,,
1975-08-01,,,,,,,49.0,62.3,42.2,,,,28.0,21.3,78.7,,,,,,
1975-09-01,,,,,,,49.9,64.5,43.1,,,,32.6,19.9,85.8,,,,,,
1975-10-01,,,,,,,50.2,64.0,44.0,,,,35.3,24.3,76.9,,,,,,
1975-11-01,,,,,,,50.4,64.3,44.1,,,,44.2,34.7,67.8,,,,,,
1975-12-01,,,,,,,51.3,64.8,44.9,,,,33.1,24.4,70.3,,,,,,
1976-01-01,,,,110.6,171.0,71.1,53.3,68.9,45.5,,,,10.8,24.0,73.8,,,,,,
1976-02-01,,,,,,,54.3,72.3,45.8,,,,20.7,25.7,76.9,,,,,,
1976-03-01,,,,,,,54.9,73.4,45.6,,,,36.2,35.2,69.5,,,,,,
1976-04-01,,,,,,,54.8,74.5,45.8,,,,43.2,31.0,57.6,,,,,,
1976-05-01,,,,,,,55.9,76.5,46.3,,,,37.7,36.6,62.1,,,,,,
1976-06-01,,,,,,,56.0,77.5,46.2,,,,32.7,31.2,58.2,,,,,,
1976-07-01,,,,,,,56.3,79.3,46.9,,,,28.0,34.6,70.1,,,,,,
1976-08-01,,,,,,,56.7,78.8,46.6,,,,19.6,45.4,52.5,,,,,,
1976-09-01,,,,,,,56.4,78.6,47.0,,,,22.1,42.0,64.8,,,,,,
1976-10-01,,,,,,,55.2,75.2,47.2,,,,22.2,44.6,70.3,,,,,,
1976-11-01,,,,,,,57.4,76.7,47.6,,,,13.8,42.5,66.9,,,,,,
1976-12-01,,,,,,,57.7,76.2,47.9,,,,13.6,36.7,67.5,,,,,,
1977-01-01,,,,119.1,171.6,72.7,57.8,76.1,47.9,,,,31.5,34.6,68.2,,,,,,
1977-02-01,,,,,,,58.5,77.6,49.1,,,,34.9,42.9,69.0,,,,,,
1977-03-01,,,,,,,59.9,80.1,49.6,,,,33.2,36.3,67.5,,,,,,
1977-04-01,,,,,,,61.0,81.5,50.2,,,,44.4,36.3,61.1,,,,,,
1977-05-01,,,,,,,61.5,83.1,50.2,,,,30.3,33.1,58.8,,,,,,
1977-06-01,,,,,,,62.4,83.8,50.1,,,,27.6,29.0,59.9,,,,,,
1977-07-01,,,,,,,62.2,83.4,50.1,,,,21.5,32.2,70.0,,,,,,
1977-08-01,,,,,,,62.1,83.3,50.5,,,,20.1,22.8,58.4,,,,,,
1977-09-01,,,,,,,62.4,82.6,50.8,,,,11.2,35.3,54.6,,,,,,
1977-10-01,,,,,,,62.4,84.2,51.0,,,,15.9,34.9,38.5,,,,,,
1977-11-01,,,,,,,62.3,83.9,51.9,,,,18.2,30.1,59.4,,,,,,
1977-12-01,,,,,,,63.2,84.2,52.6,,,,30.6,36.4,58.0,,,,,,
1978-01-01,,,,135.7,170.9,73.7,61.8,83.8,52.5,,,,20.6,32.2,36.0,,,,,,
1978-02-01,,,,,,,61.7,82.5,52.8,,,,11.3,36.6,31.0,,,,,,
1978-03-01,,,,,,,63.2,83.2,53.5,,,,8.9,28.1,31.8,,,,,,
1978-04-01,,,,,,,65.0,85.1,54.5,,,,18.4,19.0,35.1,,,,,,
1978-05-01,,,,,,,64.3,86.2,54.8,,,,27.6,24.5,22.6,,,,,,
1978-06-01,,,,,,,65.1,86.6,55.7,,,,23.2,24.1,20.1,,,,,,
1978-07-01,,,,,,,65.1,86.6,54.7,,,,17.9,7.6,7.2,,,,,,
1978-08-01,,,,,,,65.1,87.0,54.6,,,,27.7,-2.7,21.7,,,,,,
1978-09-01,,,,,,,65.7,87.7,54.9,,,,17.9,5.9,-0.8,,,,,,
1978-10-01,,,,,,,66.5,88.6,55.4,,,,21.0,11.0,0.7,,,,,,
1978-11-01,,,,,,,67.0,89.1,55.9,,,,14.4,15.6,10.5,,,,,,
1978-12-01,,,,,,,67.7,90.1,56.4,,,,8.5,19.7,-9.1,,,,,,
1979-01-01,,,,145.5,170.2,77.7,66.2,85.5,55.0,,,,4.1,18.7,-19.2,,,,,,
1979-02-01,,,,,,,67.2,87.2,55.3,,,,-1.5,13.4,5.8,,,,,,
1979-03-01,,,,,,,67.1,87.2,56.1,,,,5.8,5.0,-17.4,,,,,,
1979-04-01,,,,,,,62.3,82.4,56.0,,,,-3.4,17.6,-17.6,,,,,,
1979-05-01,,,,,,,66.0,85.7,56.3,,,,-1.6,24.3,-17.3,,,,,,
1979-06-01,,,,,,,65.6,86.4,56.4,,,,-4.2,26.9,-6.6,,,,,,
1979-07-01,,,,,,,65.2,85.7,56.2,,,,-13.2,22.1,-7.6,,,,,,
1979-08-01,,,,,,,62.8,82.4,55.6,,,,-17.8,22.9,-21.1,,,,,,
1979-09-01,,,,,,,63.5,82.2,54.4,,,,-24.4,10.6,-16.3,,,,,,
1979-10-01,,,,,,,62.7,81.2,55.2,,,,-28.6,17.4,11.7,,,,,,
1979-11-01,,,,,,,61.3,80.3,54.9,,,,-20.1,9.5,0.2,,,,,,
1979-12-01,,,,,,,62.2,80.6,55.0,,,,-15.6,-1.3,-6.3,,,,,,
1980-01-01,,,,145.9,161.4,74.9,62.3,82.2,54.7,,,,-18.4,17.9,5.8,,,,,,
1980-02-01,,,,,,,62.1,80.9,54.0,,,,-20.9,1.6,-1.5,,,,,,
1980-03-01,,,,,,,61.3,80.9,52.8,,,,-19.5,19.6,15.1,,,,,,
1980-04-01,,,,,,,58.8,77.5,51.4,,,,-37.1,11.4,-2.9,,,,,,
1980-05-01,,,,,,,55.4,69.7,50.7,,,,-53.4,3.5,27.5,,,,,,
1980-06-01,,,,,,,54.2,65.7,50.2,,,,-54.3,6.2,33.2,,,,,,
1980-07-01,,,,,,,53.2,62.1,49.4,,,,-57.1,17.1,36.4,,,,,,
1980-08-01,,,,,,,53.8,63.7,49.8,,,,-39.4,21.0,42.8,,,,,,
1980-09-01,,,,,,,55.1,66.2,50.1,,,,-10.3,20.7,63.7,,,,,,
1980-10-01,,,,,,,56.8,70.4,50.3,,,,24.7,28.5,56.9,,,,,,
1980-11-01,,,,,,,58.2,73.8,50.4,,,,9.0,29.1,54.8,,,,,,
1980-12-01,,,,,,,58.5,74.6,51.2,,,,7.4,32.8,67.4,,,,,,
1981-01-01,,,,114.7,147.6,76.2,58.0,73.4,51.0,,,,2.1,15.3,46.7,,,,,,
1981-02-01,,,,,,,56.1,71.3,50.8,,,,5.2,16.1,60.2,,,,,,
1981-03-01,,,,,,,57.4,72.1,51.0,,,,8.0,18.9,50.2,,,,,,
1981-04-01,,,,,,,57.8,72.4,51.1,,,,-1.2,20.8,61.4,,,,,,
1981-05-01,,,,,,,58.3,72.9,51.4,,,,9.1,19.8,62.4,,,,,,
1981-06-01,,,,,,,57.8,73.0,50.6,,,,-2.1,21.3,50.4,,,,,,
1981-07-01,,,,,,,57.3,72.3,50.6,,,,5.5,41.1,65.0,,,,,,
1981-08-01,,,,,,,57.1,72.7,50.3,,,,16.8,37.9,64.5,,,,,,
1981-09-01,,,,,,,55.8,70.5,50.5,,,,7.5,36.7,66.4,,,,,,
1981-10-01,,,,,,,55.9,68.5,50.6,,,,-13.2,22.9,65.3,,,,,,
1981-11-01,,,,,,,54.5,65.9,50.7,,,,-25.7,14.2,57.2,,,,,,
1981-12-01,,,,,,,52.7,63.0,50.3,,,,-34.5,16.1,61.9,,,,,,
1982-01-01,,,,93.2,139.8,76.3,50.4,59.6,49.5,,,,-19.9,15.5,67.0,,,,,,
1982-02-01,,,,,,,52.8,60.8,51.6,,,,-15.4,22.6,68.8,,,,,,
1982-03-01,,,,,,,51.8,59.2,51.2,,,,-15.7,12.7,50.9,,,,,,
1982-04-01,,,,,,,51.1,56.9,50.4,,,,-3.2,6.8,68.2,,,,,,
1982-05-01,,,,,,,51.0,56.0,50.0,,,,-4.6,6.5,71.0,,,,,,
1982-06-01,,,,,,,51.0,55.6,51.1,,,,2.2,7.0,66.9,,,,,,
1982-07-01,,,,,,,51.0,55.2,51.2,,,,2.8,12.1,67.7,,,,,,
1982-08-01,,,,,,,50.2,54.3,52.0,,,,-3.2,2.4,63.5,,,,,,
1982-09-01,,,,,,,49.0,53.4,52.3,,,,-13.6,10.7,82.2,,,,,,
1982-10-01,,,,,,,48.1,50.9,52.9,,,,10.9,5.8,74.5,,,,,,
1982-11-01,,,,,,,48.0,49.4,52.8,,,,2.3,7.4,82.2,,,,,,
1982-12-01,,,,,,,47.9,49.6,52.0,,,,14.7,7.7,75.3,,,,,,
1983-01-01,,,,83.5,133.6,78.1,49.8,52.4,53.6,,,,12.5,4.9,74.9,,,,,,
1983-02-01,,,,,,,50.4,54.0,53.6,,,,20.2,3.1,71.4,,,,,,
1983-03-01,,,,,,,50.9,55.4,53.5,,,,32.6,17.6,72.8,,,,,,
1983-04-01,,,,,,,52.1,57.5,54.0,,,,37.2,25.3,78.8,,,,,,
1983-05-01,,,,,,,53.2,58.9,55.1,,,,37.6,27.6,78.3,,,,,,
1983-06-01,,,,,,,54.0,59.6,55.8,,,,42.3,35.3,84.6,,,,,,
1983-07-01,,,,,,,55.1,61.0,56.4,,,,49.5,21.6,73.8,,,,,,
1983-08-01,,,,,,,55.4,62.4,56.2,,,,41.5,31.2,79.6,,,,,,
1983-09-01,,,,,,,57.2,64.7,57.0,,,,40.7,24.5,68.6,,,,,,
1983-10-01,,,,,,,57.6,66.6,56.9,,,,35.4,20.9,65.9,,,,,,
1983-11-01,,,,,,,58.0,67.2,56.7,,,,45.1,38.2,64.6,,,,,,
1983-12-01,,,,,,,57.9,67.6,55.7,,,,41.0,39.4,68.4,,,,,,
1984-01-01,,,,73.9,133.1,81.5,59.2,68.9,56.3,,,,47.0,44.6,59.4,,,,,,
1984-02-01,,,,,,,59.3,70.3,56.3,,,,25.8,34.1,64.1,,,,,,
1984-03-01,,,,,,,59.2,70.4,56.4,,,,35.0,37.2,67.6,,,,,,
1984-04-01,,,,,,,59.3,70.7,56.8,,,,36.9,43.1,54.5,,,,,,
1984-05-01,,,,,,,58.8,71.3,56.7,,,,31.7,29.8,57.7,,,,,,
1984-06-01,,,,,,,58.9,70.6,56.5,,,,27.7,27.2,39.7,,,,,,
1984-07-01,,,,,,,58.7,70.3,56.4,,,,1.4,14.6,43.7,,,,,,
1984-08-01,,,,,,,58.6,69.3,55.9,,,,23.7,26.4,48.1,,,,,,
1984-09-01,,,,,,,58.3,67.8,55.8,,,,22.3,26.7,41.3,,,,,,
1984-10-01,,,,,,,58.6,68.3,57.2,,,,15.4,31.1,56.8,,,,,,
1984-11-01,,,,,,,57.4,66.5,57.0,,,,2.7,20.7,45.6,,,,,,
1984-12-01,,,,,,,58.1,67.0,57.3,,,,2.1,23.5,49.9,,,,,,
1985-01-01,,,,71.9,133.4,83.9,58.6,67.9,56.9,,,,5.5,25.1,48.1,,,,,,
1985-02-01,,,,,,,57.3,66.7,56.9,,,,10.9,28.7,52.5,,,,,,
1985-03-01,,,,,,,58.2,68.0,57.4,,,,31.0,22.1,52.7,,,,,,
1985-04-01,,,,,,,58.0,67.9,58.0,,,,10.0,23.5,51.2,,,,,,
1985-05-01,,,,,,,58.0,66.9,58.4,,,,8.0,21.3,41.6,,,,,,
1985-06-01,,,,,,,57.9,67.3,58.6,,,,-2.4,10.0,24.1,,,,,,
1985-07-01,,,,,,,57.6,66.0,58.4,,,,11.5,14.9,35.9,,,,,,
1985-08-01,,,,,,,58.0,66.2,58.4,,,,7.0,21.3,32.0,,,,,,
1985-09-01,,,,,,,58.0,66.2,59.0,,,,2.3,5.8,31.7,,,,,,
1985-10-01,,,,,,,57.7,65.9,58.5,,,,6.1,13.7,25.6,,,,,,
1985-11-01,,,,,,,58.0,65.9,58.2,,,,19.7,21.7,28.2,,,,,,
1985-12-01,,,,,,,58.7,66.4,59.5,,,,13.5,15.9,26.6,,,,,,
1986-01-01,,,,95.5,131.2,84.5,59.0,65.4,60.3,,,,22.4,28.5,41.4,,,,,,
1986-02-01,,,,,,,58.4,64.7,60.2,,,,19.9,18.7,34.3,,,,,,
1986-03-01,,,,,,,58.2,64.0,59.6,,,,14.0,13.1,31.6,,,,,,
1986-04-01,,,,,,,58.0,63.7,60.2,,,,3.2,3.9,26.6,,,,,,
1986-05-01,,,,,,,58.0,63.0,60.5,,,,1.9,2.6,17.6,,,,,,
1986-06-01,,,,,,,57.8,61.9,60.5,,,,2.8,8.8,29.3,,,,,,
1986-07-01,,,,,,,58.2,62.5,60.4,,,,11.8,10.1,32.4,,,,,,
1986-08-01,,,,,,,58.5,62.6,61.1,,,,6.8,1.8,27.3,,,,,,
1986-09-01,,,,,,,58.7,63.4,61.0,,,,10.6,1.0,24.1,,,,,,
1986-10-01,,,,,,,59.1,64.3,62.0,,,,9.1,10.7,20.3,,,,,,
1986-11-01,,,,,,,59.6,65.3,62.6,,,,16.4,19.2,34.9,,,,,,
1986-12-01,,,,,,,60.6,66.3,63.8,,,,22.8,3.2,26.2,,,,,,
1987-01-01,,,,114.2,131.5,87.0,60.7,66.7,63.2,,,,5.8,1.8,32.4,,,,,,
1987-02-01,,,,,,,62.5,70.1,64.0,,,,9.3,16.4,29.4,,,,,,
1987-03-01,,,,,,,62.5,71.6,64.3,,,,5.5,6.9,19.8,,,,,,
1987-04-01,,,,,,,62.8,73.4,65.2,,,,14.4,4.4,16.9,,,,,,
1987-05-01,,,,,,,63.3,74.6,65.7,,,,19.7,17.0,16.8,,,,,,
1987-06-01,,,,,,,63.6,76.0,65.9,,,,13.0,17.3,20.0,,,,,,
1987-07-01,,,,,,,63.9,76.2,67.2,,,,15.5,8.1,21.6,,,,,,
1987-08-01,,,,,,,64.2,77.1,67.0,,,,30.1,11.7,24.2,,,,,,
1987-09-01,,,,,,,64.0,76.0,67.5,,,,26.3,28.4,27.9,,,,,,
1987-10-01,,,,,,,66.2,79.0,68.0,,,,27.2,18.6,23.0,,,,,,
1987-11-01,,,,,,,66.6,79.0,68.4,,,,11.8,13.6,3.8,,,,,,
1987-12-01,,,,,,,66.5,79.2,68.6,,,,29.6,15.6,14.3,,,,,,
1988-01-01,,,,116.0,134.9,88.9,66.2,77.3,67.9,,,,3.5,10.9,8.7,,,,,,
1988-02-01,,,,,,,65.8,75.4,68.3,,,,18.3,16.1,11.4,,,,,,
1988-03-01,,,,,,,65.9,74.9,68.2,,,,12.8,25.0,5.2,,,,,,
1988-04-01,,,,,,,66.7,74.5,68.0,,,,26.8,-1.8,12.3,,,,,,
1988-05-01,,,,,,,66.5,74.6,67.4,,,,17.8,22.9,25.5,,,,,,
1988-06-01,,,,,,,66.7,73.6,68.0,,,,17.4,23.1,33.8,,,,,,
1988-07-01,,,,,,,66.0,73.3,68.5,,,,23.7,24.5,25.0,,,,,,
1988-08-01,,,,,,,65.6,72.6,67.4,,,,15.2,24.6,17.2,,,,,,
1988-09-01,,,,,,,66.3,73.5,67.0,,,,25.6,31.8,28.8,,,,,,
1988-10-01,,,,,,,66.8,73.2,67.2,,,,27.2,26.1,19.7,,,,,,
1988-11-01,,,,,,,67.3,74.7,66.9,,,,27.2,25.9,21.9,,,,,,
1988-12-01,,,,,,,67.6,75.3,67.6,,,,22.7,38.4,21.8,,,,,,
1989-01-01,,,,108.3,136.9,92.4,68.1,77.4,67.1,,,,28.2,39.3,7.4,,,,,,
1989-02-01,,,,,,,67.6,75.7,66.5,,,,20.1,24.4,-1.3,,,,,,
1989-03-01,,,,,,,67.4,76.8,66.8,,,,18.2,21.8,2.6,,,,,,
1989-04-01,,,,,,,67.4,76.9,66.4,,,,4.1,27.1,12.3,,,,,,
1989-05-01,,,,,,,66.3,76.0,66.3,,,,-10.2,20.5,-1.4,,,,,,
1989-06-01,,,,,,,66.1,75.5,66.9,,,,-7.6,9.8,-5.2,,,,,,
1989-07-01,,,,,,,64.5,74.4,64.7,,,,-16.9,19.3,4.4,,,,,,
1989-08-01,,,,,,,65.5,74.6,65.7,,,,-9.4,20.8,3.5,,,,,,
1989-09-01,,,,,,,65.5,74.2,65.3,,,,-5.4,19.2,11.1,,,,,,
1989-10-01,,,,,,,64.6,73.4,66.1,,,,-6.9,1.3,6.2,,,,,,
1989-11-01,,,,,,,65.0,72.8,66.6,,,,-4.2,9.7,15.0,,,,,,
1989-12-01,,,,,,,65.3,72.3,66.5,,,,-2.1,6.6,7.8,,,,,,
1990-01-01,,,,127.7,132.7,93.4,63.6,72.3,67.1,,,,-7.5,0.5,14.3,,,,,,
1990-02-01,,,,,,,65.5,71.9,67.9,,,,-22.0,-5.6,1.7,,,,,,
1990-03-01,,,,,,,66.6,72.6,67.7,,,,-21.8,-10.0,21.0,,,,,,
1990-04-01,,,,,,,64.9,70.7,67.5,,,,-9.0,1.6,22.5,,,,,,
1990-05-01,,,,,,,66.5,72.5,67.5,,,,-16.5,4.6,21.2,,,,,,
1990-06-01,,,,,,,66.8,72.1,67.7,,,,-8.6,7.9,25.2,,,,,,
1990-07-01,,,,,,,66.4,70.9,67.8,,,,-18.1,3.8,6.5,,,,,,
1990-08-01,,,,,,,66.5,72.2,68.5,,,,-18.1,4.3,7.7,,,,,,
1990-09-01,,,,,,,66.4,70.6,68.5,,,,-43.4,-10.4,-6.3,,,,,,
1990-10-01,,,,,,,65.7,69.1,68.9,,,,-48.2,0.6,-7.1,,,,,,
1990-11-01,,,,,,,63.2,66.8,70.0,,,,-27.1,-2.1,9.6,,,,,,
1990-12-01,,,,,,,62.7,65.3,69.5,,,,-37.1,4.8,9.9,,,,,,
1991-01-01,,,,124.8,121.5,95.5,61.6,63.3,68.8,,,,-32.0,-8.7,2.3,,,,,,
1991-02-01,,,,,,,60.7,60.7,69.1,,,,-22.0,9.0,30.2,,,,,,
1991-03-01,,,,,,,59.9,58.7,68.7,,,,-11.6,10.6,34.1,,,,,,
1991-04-01,,,,,,,61.0,60.1,69.7,,,,-6.5,25.5,41.6,,,,,,
1991-05-01,,,,,,,61.4,59.3,70.6,,,,3.9,16.5,49.9,,,,,,
1991-06-01,,,,,,,62.8,61.5,70.8,,,,13.0,25.3,54.4,,,,,,
1991-07-01,,,,,,,63.4,62.4,71.0,,,,19.9,27.4,62.0,,,,,,
1991-08-01,,,,,,,63.6,63.8,71.8,,,,27.0,18.3,62.8,,,,,,
1991-09-01,,,,,,,65.1,65.8,72.3,,,,20.0,15.1,68.3,,,,,,
1991-10-01,,,,,,,65.5,66.1,73.4,,,,9.5,20.8,70.4,,,,,,
1991-11-01,,,,,,,65.2,66.9,72.7,,,,1.3,13.9,54.7,,,,,,
1991-12-01,,,,,,,65.2,67.1,73.2,,,,-18.7,18.1,57.4,,,,,,
1992-01-01,1.65,1.56,808292.0,132.7,114.4,96.6,64.5,68.2,73.7,,,,-2.2,22.8,48.2,,,,,,
1992-02-01,1.65,1.56,809600.0,,,,66.2,70.3,73.3,,,,0.6,27.2,49.0,,,,,,
1992-03-01,1.67,1.53,812725.0,,,,67.1,72.1,74.0,,,,15.0,22.7,47.3,,,,,,
1992-04-01,1.68,1.53,815453.0,,,,67.8,72.6,74.7,,,,20.1,20.2,53.4,,,,,,
1992-05-01,1.67,1.52,815016.0,,,,69.4,74.8,74.8,,,,17.0,15.9,57.3,,,,,,
1992-06-01,1.67,1.52,820447.0,,,,69.5,75.7,75.9,,,,15.0,32.7,55.8,,,,,,
1992-07-01,1.7,1.51,825098.0,,,,70.9,77.4,76.5,,,,27.8,20.0,51.4,,,,,,
1992-08-01,1.68,1.53,826136.0,,,,70.2,76.8,75.7,,,,16.7,23.8,49.2,,,,,,
1992-09-01,1.67,1.51,827513.0,,,,69.4,75.4,76.6,,,,21.0,26.9,57.0,,,,,,
1992-10-01,1.66,1.52,827914.0,,,,70.4,77.1,76.4,,,,-4.9,24.2,53.6,,,,,,
1992-11-01,1.67,1.51,829839.0,,,,70.8,77.3,76.6,,,,18.2,14.8,59.6,,,,,,
1992-12-01,1.67,1.51,835800.0,,,,71.1,76.5,76.8,,,,25.4,21.0,50.9,,,,,,
1993-01-01,1.66,1.5,835983.0,123.4,111.7,96.3,71.8,78.3,77.0,,,,31.1,22.7,52.4,,,,,,
1993-02-01,1.69,1.5,838089.0,,,,71.9,78.7,77.4,,,,34.3,20.9,49.3,,,,,,
1993-03-01,1.73,1.52,844806.0,,,,72.0,78.6,77.0,,,,16.2,27.1,46.4,,,,,,
1993-04-01,1.69,1.51,846782.0,,,,72.1,78.2,77.7,,,,23.3,21.4,35.5,,,,,,
1993-05-01,1.68,1.49,847279.0,,,,71.7,77.6,76.7,,,,14.8,18.4,23.9,,,,,,
1993-06-01,1.69,1.5,849135.0,,,,71.6,78.6,77.1,,,,3.5,11.5,30.0,,,,,,
1993-07-01,1.67,1.5,849450.0,,,,71.9,78.0,76.8,,,,-3.2,-4.1,36.4,,,,,,
1993-08-01,1.66,1.5,850877.0,,,,71.2,78.8,77.0,,,,-0.3,16.1,41.8,,,,,,
1993-09-01,1.67,1.5,855018.0,,,,71.8,79.0,76.8,,,,7.3,18.2,36.8,,,,,,
1993-10-01,1.66,1.48,855322.0,,,,73.1,79.8,77.1,,,,8.9,23.5,43.5,,,,,,
1993-11-01,1.66,1.49,859037.0,,,,73.6,81.3,76.5,,,,18.9,30.9,39.8,,,,,,
1993-12-01,1.66,1.5,863125.0,,,,74.2,83.1,76.1,,,,41.4,23.2,46.5,,,,,,
1994-01-01,1.66,1.48,863021.0,127.7,114.2,97.5,74.6,83.2,75.6,,,,27.2,21.6,46.2,,,,,,
1994-02-01,1.65,1.47,867670.0,,,,75.2,84.9,75.9,,,,21.3,21.6,31.9,,,,,,
1994-03-01,1.62,1.46,868751.0,,,,76.4,86.3,77.3,,,,19.8,29.6,43.8,,,,,,
1994-04-01,1.63,1.46,871989.0,,,,77.1,89.2,76.5,,,,16.7,23.0,34.2,,,,,,
1994-05-01,1.66,1.47,882927.0,,,,77.3,89.7,76.7,,,,22.1,29.5,28.4,,,,,,
1994-06-01,1.67,1.47,888689.0,,,,77.7,88.0,77.1,,,,25.0,25.8,33.0,,,,,,
1994-07-01,1.67,1.47,894473.0,,,,78.2,90.6,76.9,,,,17.8,26.0,27.1,,,,,,
1994-08-01,1.67,1.46,902148.0,,,,79.3,90.2,78.2,,,,18.5,24.9,33.5,,,,,,
1994-09-01,1.68,1.46,907994.0,,,,80.1,92.0,77.9,,,,18.5,15.3,31.1,,,,,,
1994-10-01,1.66,1.45,913439.0,,,,81.0,93.1,78.3,,,,26.1,23.9,28.3,,,,,,
1994-11-01,1.67,1.46,919492.0,,,,82.1,93.9,79.2,,,,24.7,30.9,27.0,,,,,,
1994-12-01,1.68,1.44,926395.0,,,,83.1,94.9,80.1,,,,23.3,11.6,14.8,,,,,,
1995-01-01,1.69,1.45,935639.0,144.8,118.2,97.9,83.9,95.4,80.6,,,,8.8,28.2,21.3,,,,,,
1995-02-01,1.73,1.46,942713.0,,,,83.8,93.8,80.9,,,,9.2,13.6,10.0,,,,,,
1995-03-01,1.73,1.48,951538.0,,,,83.8,93.1,80.7,,,,2.0,8.2,-8.9,,,,,,
1995-04-01,1.74,1.48,959239.0,,,,82.1,90.4,80.1,,,,-11.1,11.4,5.3,,,,,,
1995-05-01,1.73,1.49,965634.0,,,,83.3,91.7,80.9,,,,-8.5,5.3,14.4,,,,,,
1995-06-01,1.71,1.48,969558.0,,,,83.6,91.3,80.9,,,,-20.8,-7.7,15.9,,,,,,
1995-07-01,1.71,1.49,972934.0,,,,82.2,89.1,80.6,,,,-20.2,11.9,25.2,,,,,,
1995-08-01,1.71,1.48,976097.0,,,,83.6,91.1,80.5,,,,1.2,16.9,25.5,,,,,,
1995-09-01,1.71,1.47,980029.0,,,,84.1,93.0,80.3,,,,26.2,21.5,24.2,,,,,,
1995-10-01,1.73,1.49,984223.0,,,,83.4,92.1,80.0,,,,21.7,15.8,39.8,,,,,,
1995-11-01,1.72,1.48,986767.0,,,,83.4,93.6,79.0,,,,5.5,15.4,25.2,,,,,,
1995-12-01,1.69,1.45,985385.0,,,,83.1,93.0,78.2,,,,19.6,20.0,10.3,,,,,,
1996-01-01,1.71,1.5,990730.0,137.8,119.9,99.5,82.0,93.3,77.0,,,,-14.7,6.9,13.4,,,,,,
1996-02-01,1.68,1.5,991277.0,,,,83.0,94.7,76.8,,,,4.8,17.4,26.6,,,,,,
1996-03-01,1.66,1.46,989146.0,,,,81.2,94.9,76.6,,,,-3.5,4.0,19.6,,,,,,
1996-04-01,1.65,1.46,992111.0,,,,83.4,94.9,76.5,,,,21.3,29.0,30.1,,,,,,
1996-05-01,1.65,1.45,993761.0,,,,83.8,96.2,76.4,,,,19.6,20.3,33.4,,,,,,
1996-06-01,1.66,1.44,993127.0,,,,84.4,97.8,76.5,,,,21.2,16.4,37.6,,,,,,
1996-07-01,1.68,1.45,997782.0,,,,84.9,96.6,76.8,,,,29.0,20.8,42.6,,,,,,
1996-08-01,1.69,1.45,999951.0,,,,84.9,97.8,76.6,,,,13.8,9.1,26.8,,,,,,
1996-09-01,1.67,1.44,1000678.0,,,,85.3,99.1,77.1,,,,12.9,13.9,28.9,,,,,,
1996-10-01,1.67,1.44,1004389.0,,,,84.9,98.5,78.1,,,,8.2,16.1,23.5,,,,,,
1996-11-01,1.66,1.43,1004457.0,,,,85.8,98.1,79.0,,,,11.1,19.4,30.2,,,,,,
1996-12-01,1.66,1.43,1004646.0,,,,86.9,99.1,79.7,,,,8.1,14.0,32.4,,,,,,
1997-01-01,1.64,1.43,1007785.0,119.2,120.4,102.1,87.0,97.3,79.4,,,,12.8,13.4,37.4,,,,,,
1997-02-01,1.64,1.41,1010716.0,,,,89.0,98.8,80.8,,,,16.9,19.2,36.7,,,,,,
1997-03-01,1.63,1.41,1010352.0,,,,90.6,98.6,82.1,,,,13.4,17.2,30.3,,,,,,
1997-04-01,1.65,1.41,1014611.0,,,,90.4,100.0,81.7,,,,6.6,13.3,30.0,,,,,,
1997-05-01,1.67,1.43,1018535.0,,,,91.1,99.5,82.6,,,,1.1,16.1,9.5,,,,,,
1997-06-01,1.65,1.42,1024680.0,,,,91.5,99.4,82.3,,,,18.2,22.8,18.5,,,,,,
1997-07-01,1.64,1.41,1026787.0,,,,92.1,100.8,83.7,,,,20.0,17.1,16.8,,,,,,
1997-08-01,1.63,1.41,1028019.0,,,,94.3,101.0,83.8,,,,17.2,15.6,17.1,,,,,,
1997-09-01,1.64,1.41,1034401.0,,,,95.0,102.6,84.1,,,,19.1,17.5,30.7,,,,,,
1997-10-01,1.64,1.42,1038283.0,,,,95.0,103.5,83.3,,,,19.3,15.5,28.2,,,,,,
1997-11-01,1.64,1.41,1040118.0,,,,96.3,104.7,83.8,,,,19.8,19.3,28.9,,,,,,
1997-12-01,1.64,1.42,1045495.0,,,,96.9,105.7,83.7,,,,15.6,23.0,27.8,,,,,,
1998-01-01,1.64,1.43,1048304.0,117.5,119.5,98.6,97.7,107.0,84.0,,,,18.6,17.6,29.1,,,,,,
1998-02-01,1.65,1.43,1054991.0,,,,97.2,106.8,83.6,,,,13.2,15.1,24.5,,,,,,
1998-03-01,1.65,1.43,1060201.0,,,,96.3,105.5,82.6,,,,10.4,21.7,28.5,,,,,,
1998-04-01,1.64,1.44,1062401.0,,,,94.7,104.5,82.7,,,,8.7,21.4,29.8,,,,,,
1998-05-01,1.61,1.43,1061497.0,,,,97.7,107.0,82.6,,,,13.2,16.7,29.5,,,,,,
1998-06-01,1.6,1.44,1061985.0,,,,95.5,105.8,81.7,,,,24.1,19.7,13.4,,,,,,
1998-07-01,1.62,1.45,1064039.0,,,,91.5,104.6,81.4,,,,8.3,12.5,2.9,,,,,,
1998-08-01,1.63,1.44,1066363.0,,,,97.5,106.4,81.0,,,,10.4,19.2,19.4,,,,,,
1998-09-01,1.63,1.44,1070815.0,,,,96.7,104.2,80.1,,,,-14.2,2.9,14.4,,,,,,
1998-10-01,1.6,1.43,1073223.0,,,,98.9,107.0,79.8,,,,3.5,9.7,14.8,,,,,,
1998-11-01,1.6,1.43,1077587.0,,,,99.1,107.7,80.0,,,,-4.7,16.5,18.2,,,,,,
1998-12-01,1.6,1.43,1077183.0,,,,100.2,109.2,80.5,,,,4.6,11.3,30.1,,,,,,
1999-01-01,1.6,1.42,1077080.0,112.7,114.9,99.1,100.3,109.4,80.7,,,,13.8,20.4,31.2,,,,,,
1999-02-01,1.6,1.41,1082721.0,,,,101.1,109.3,81.0,,,,15.1,22.2,26.9,,,,,,
1999-03-01,1.61,1.42,1090051.0,,,,101.3,110.4,80.5,,,,4.3,19.1,27.2,,,,,,
1999-04-01,1.61,1.42,1092918.0,,,,102.6,111.7,80.9,,,,20.6,23.3,25.0,,,,,,
1999-05-01,1.6,1.4,1095905.0,,,,103.4,111.1,81.4,,,,13.1,23.7,25.3,,,,,,
1999-06-01,1.6,1.4,1098782.0,,,,103.5,111.3,80.9,,,,5.8,21.4,23.9,,,,,,
1999-07-01,1.59,1.4,1104062.0,,,,105.6,112.3,80.4,,,,9.8,18.6,15.8,,,,,,
1999-08-01,1.58,1.39,1105895.0,,,,106.1,113.3,80.8,,,,13.7,21.4,27.4,,,,,,
1999-09-01,1.58,1.4,1112246.0,,,,105.2,111.8,81.3,,,,13.9,23.7,8.7,,,,,,
1999-10-01,1.58,1.39,1115766.0,,,,107.6,112.9,83.2,,,,16.0,24.3,22.1,,,,,,
1999-11-01,1.58,1.39,1128337.0,,,,107.7,113.7,84.2,,,,20.9,19.1,29.6,,,,,,
1999-12-01,1.56,1.39,1137260.0,,,,108.2,113.5,85.2,,,,14.2,16.6,28.5,,,,,,
2000-01-01,1.58,1.38,1140023.0,97.7,110.6,99.3,109.0,112.9,84.5,,,,11.3,22.6,21.2,,,,,,
2000-02-01,1.56,1.4,1146435.0,,,,109.2,113.2,84.8,,,,14.5,37.9,37.7,,,,,,
2000-03-01,1.55,1.38,1150666.0,,,,109.4,112.9,85.0,,,,19.4,19.4,17.6,,,,,,
2000-04-01,1.58,1.39,1157552.0,,,,111.4,112.8,85.7,,,,10.0,14.7,7.2,,,,,,
2000-05-01,1.59,1.4,1163974.0,,,,111.0,111.8,84.9,,,,13.9,20.9,8.3,,,,,,
2000-06-01,1.6,1.4,1174263.0,,,,111.5,112.1,84.9,,,,2.6,12.4,17.6,,,,,,
2000-07-01,1.6,1.41,1175374.0,,,,111.9,111.5,85.1,,,,4.7,25.2,24.7,,,,,,
2000-08-01,1.62,1.43,1183268.0,,,,111.0,110.0,84.2,,,,17.1,23.0,11.8,,,,,,
2000-09-01,1.59,1.4,1183463.0,,,,111.8,112.3,84.0,,,,5.5,31.7,27.6,,,,,,
2000-10-01,1.6,1.42,1189920.0,,,,112.4,111.4,84.5,,,,1.8,23.7,16.4,,,,,,
2000-11-01,1.62,1.43,1197038.0,,,,112.6,112.4,84.2,,,,7.1,16.4,12.4,,,,,,
2000-12-01,1.62,1.42,1195894.0,,,,109.3,109.4,83.0,,,,-7.8,26.1,4.3,,,,,,
2001-01-01,1.61,1.44,1197945.0,94.7,105.2,99.7,109.2,111.8,82.8,,,,-36.6,5.7,5.6,,,,,,
2001-02-01,1.6,1.42,1191600.0,,,,110.5,110.3,82.8,,,,-29.4,-6.2,15.2,,,,,,
2001-03-01,1.61,1.44,1186068.0,,,,111.0,109.3,82.1,,,,-20.5,4.5,26.2,,,,,,
2001-04-01,1.58,1.45,1184434.0,,,,108.1,108.3,82.0,,,,-10.7,2.3,31.2,,,,,,
2001-05-01,1.59,1.43,1182109.0,,,,108.9,108.1,82.2,,,,-11.8,9.8,36.6,,,,,,
2001-06-01,1.59,1.44,1173176.0,,,,106.6,106.7,81.6,,,,-7.0,2.0,48.9,,,,,,
2001-07-01,1.6,1.43,1165045.0,,,,106.5,106.3,81.3,-13.3,4.2,7.0,-12.6,0.8,39.6,,,,,,
2001-08-01,1.6,1.42,1163600.0,,,,103.3,103.9,81.7,-8.0,3.8,-0.8,-18.1,5.4,43.9,,,,,,
2001-09-01,1.63,1.44,1157242.0,,,,101.4,102.1,82.8,-12.5,10.3,25.0,-8.2,8.6,42.3,,,,,,
2001-10-01,1.48,1.4,1139077.0,,,,97.9,97.5,83.7,-14.7,14.6,-18.2,-23.6,6.8,49.8,,,,,,
2001-11-01,1.51,1.39,1126312.0,,,,95.9,94.2,84.5,-21.5,11.2,-7.0,-17.7,0.3,42.2,,,,,,
2001-12-01,1.53,1.39,1118552.0,,,,95.1,91.3,85.8,-9.8,11.5,-4.3,-11.0,11.2,40.7,,,,,,
2002-01-01,1.54,1.39,1117388.0,100.0,100.0,100.0,93.4,90.4,86.7,1.4,10.3,6.4,10.5,24.3,57.1,,,,,,
2002-02-01,1.54,1.38,1111859.0,,,,92.6,89.7,87.3,13.3,22.0,9.3,11.1,10.2,54.6,,,,,,
2002-03-01,1.54,1.37,1108193.0,,,,92.5,89.9,88.4,13.8,30.3,19.6,12.2,10.6,53.8,,,,,,
2002-04-01,1.52,1.35,1106806.0,,,,92.3,90.1,88.9,20.2,22.0,21.8,12.6,14.0,54.0,,,,,,
2002-05-01,1.56,1.35,1110725.0,,,,91.3,89.9,89.8,12.9,27.3,8.0,10.1,12.0,58.6,,,,,,
2002-06-01,1.55,1.35,1112674.0,,,,92.1,90.4,91.0,8.9,19.1,11.4,20.4,22.0,45.3,,,,,,
2002-07-01,1.54,1.36,1119258.0,,,,91.4,88.6,90.3,-1.9,15.0,2.4,5.9,20.4,51.0,,,,,,
2002-08-01,1.53,1.34,1120777.0,,,,91.5,91.0,90.3,8.2,13.0,9.5,-1.3,5.8,41.8,,,,,,
2002-09-01,1.57,1.36,1128958.0,,,,91.3,90.1,90.4,6.3,26.7,6.7,4.4,16.0,40.5,,,,,,
2002-10-01,1.57,1.36,1130630.0,,,,91.2,90.3,90.7,-3.8,16.7,0.5,-7.6,16.4,45.6,,,,,,
2002-11-01,1.57,1.35,1132381.0,,,,92.3,91.2,90.4,4.0,17.0,6.9,7.4,26.2,42.0,,,,,,
2002-12-01,1.56,1.37,1139523.0,,,,91.8,90.9,90.2,2.4,18.8,14.0,7.2,10.0,46.1,,,,,,
2003-01-01,1.56,1.35,1139589.0,119.7,94.4,101.1,92.8,93.0,89.4,8.1,18.3,7.8,5.5,10.4,39.8,,,,,,
2003-02-01,1.6,1.36,1148176.0,,,,91.9,92.8,88.8,-3.5,15.3,5.8,-1.6,12.4,33.1,,,,,,
2003-03-01,1.58,1.35,1149009.0,,,,92.6,92.0,89.4,6.5,10.0,4.3,-3.9,17.1,47.0,,,,,,
2003-04-01,1.59,1.38,1150317.0,,,,92.1,92.0,88.7,-14.5,9.8,-5.0,-6.6,13.4,48.4,,,,,,
2003-05-01,1.58,1.37,1145246.0,,,,92.1,92.2,87.9,15.7,21.5,15.7,-0.6,9.0,50.6,,,,,,
2003-06-01,1.56,1.35,1142115.0,,,,93.5,93.9,88.9,25.1,15.3,15.2,3.7,14.0,58.1,,,,,,
2003-07-01,1.55,1.33,1139701.0,,,,92.6,91.8,88.2,19.3,21.1,16.5,7.7,12.7,60.2,,,,,,
2003-08-01,1.51,1.32,1132993.0,,,,91.7,91.9,89.0,15.5,16.3,18.1,20.3,15.8,55.6,,,,,,
2003-09-01,1.53,1.31,1136935.0,,,,95.9,93.2,90.0,20.4,20.2,14.6,21.0,13.5,62.9,,,,,,
2003-10-01,1.56,1.32,1143104.0,,,,95.6,95.2,90.3,36.8,25.0,32.1,28.1,15.2,51.2,,,,,,
2003-11-01,1.55,1.31,1145108.0,,,,97.6,97.1,91.2,34.0,30.5,35.0,26.9,18.0,56.1,,,,,,
2003-12-01,1.55,1.31,1147795.0,,,,97.8,98.8,92.4,27.4,42.3,23.3,26.5,22.4,49.9,,,,,,
2004-01-01,1.55,1.31,1148368.0,131.6,90.3,102.5,97.7,96.4,93.7,32.5,26.9,29.2,36.1,23.6,49.4,,,,,,
2004-02-01,1.55,1.31,1158745.0,,,,98.8,97.7,95.3,37.0,32.8,31.3,28.0,22.4,56.1,,,,,,
2004-03-01,1.54,1.28,1168100.0,,,,99.3,97.6,96.2,32.6,34.3,31.0,29.6,20.1,35.9,,,,,,
2004-04-01,1.58,1.3,1176070.0,,,,99.3,97.8,98.0,39.0,37.4,39.7,32.2,26.9,41.1,,,,,,
2004-05-01,1.55,1.29,1183161.0,,,,100.2,99.2,99.7,37.0,31.7,42.0,29.1,22.6,41.9,,,,,,
2004-06-01,1.59,1.31,1195398.0,,,,98.7,98.4,98.7,27.1,30.8,25.3,30.6,20.5,39.1,,,,47.7,64.6,30.9
2004-07-01,1.58,1.31,1207045.0,,,,99.0,99.8,100.7,35.0,29.1,28.3,34.7,26.5,35.6,,,,39.4,65.7,38.8
2004-08-01,1.59,1.31,1217193.0,,,,100.3,98.5,101.8,15.2,21.0,17.2,25.1,23.9,44.2,,,,37.2,67.1,54.8
2004-09-01,1.56,1.3,1217197.0,,,,99.4,96.8,101.5,28.4,31.7,27.4,19.7,20.7,40.8,,,,27.2,63.0,51.7
2004-10-01,1.54,1.29,1225082.0,,,,100.5,98.6,102.3,24.5,31.7,20.5,26.8,25.6,39.0,,,,24.9,72.7,41.9
2004-11-01,1.55,1.3,1238758.0,,,,99.5,98.2,101.0,15.3,29.2,13.7,19.2,25.6,51.8,,,,42.8,58.0,44.8
2004-12-01,1.54,1.28,1241744.0,,,,99.2,97.3,100.8,21.6,26.0,28.6,25.5,27.9,42.3,,,,41.5,47.0,37.5
2005-01-01,1.55,1.29,1252502.0,131.7,86.0,103.5,99.5,96.2,101.9,15.6,32.8,16.0,13.3,21.2,36.2,,,,27.1,44.4,39.4
2005-02-01,1.54,1.29,1261301.0,,,,99.9,94.9,101.7,17.1,21.7,14.7,21.3,22.7,31.4,,,,27.1,53.0,36.9
2005-03-01,1.54,1.3,1269147.0,,,,98.1,94.1,100.3,24.3,32.7,13.9,15.1,26.4,37.1,,,,29.9,60.6,41.3
2005-04-01,1.53,1.28,1274847.0,,,,98.0,93.4,99.4,8.3,30.1,8.8,25.3,31.7,32.9,,,,7.3,50.8,38.8
2005-05-01,1.54,1.29,1276449.0,,,,97.8,92.2,99.8,-4.9,22.8,-1.3,9.3,16.3,19.6,,,,27.5,40.0,26.9
2005-06-01,1.49,1.28,1275931.0,,,,97.1,90.7,99.2,7.8,14.1,7.3,-1.3,20.3,36.8,,,,13.6,36.7,21.3
2005-07-01,1.44,1.26,1270200.0,,,,96.1,90.8,98.6,23.8,24.5,18.3,8.0,13.1,24.3,,,,28.4,36.1,40.6
2005-08-01,1.47,1.26,1274866.0,,,,96.3,91.8,97.5,23.7,24.0,32.3,11.3,19.6,25.9,,,,23.4,44.1,48.5
2005-09-01,1.48,1.25,1282637.0,,,,96.0,93.3,96.1,16.9,25.8,14.9,7.1,13.6,12.8,,,,27.2,60.7,64.4
2005-10-01,1.49,1.25,1291339.0,,,,98.2,93.5,97.0,12.1,24.0,22.9,4.8,16.6,24.2,,,,20.5,60.3,51.3
2005-11-01,1.49,1.26,1300756.0,,,,98.0,94.6,97.6,18.0,32.7,21.3,10.3,22.7,35.9,,,,24.0,69.6,58.9
2005-12-01,1.5,1.26,1314161.0,,,,97.7,93.9,98.5,22.9,32.2,21.1,12.9,17.6,44.5,,,,37.8,62.7,46.7
2006-01-01,1.47,1.25,1323295.0,132.9,84.2,103.5,98.8,96.2,100.0,17.5,31.5,25.2,5.4,16.3,39.0,,,,30.9,56.3,40.4
2006-02-01,1.48,1.26,1327287.0,,,,98.5,97.0,98.8,20.9,41.1,26.6,15.3,23.0,37.0,,,,28.6,48.4,36.5
2006-03-01,1.49,1.26,1340279.0,,,,99.0,97.3,98.4,33.2,37.6,31.4,14.7,22.3,34.9,,,,32.6,41.4,37.2
2006-04-01,1.48,1.27,1348410.0,,,,99.3,96.8,98.9,18.5,37.9,21.2,14.2,18.9,35.8,,,,25.7,52.2,48.8
2006-05-01,1.51,1.27,1363351.0,,,,99.0,97.9,98.0,18.6,32.5,21.9,13.7,18.3,23.6,,,,19.8,57.4,43.6
2006-06-01,1.51,1.28,1375795.0,,,,99.6,98.8,98.0,26.5,20.0,24.2,11.7,15.2,13.0,,,,14.7,55.6,51.9
2006-07-01,1.5,1.29,1381022.0,,,,98.6,98.8,98.4,16.6,22.0,9.4,4.0,17.3,18.0,,,,11.4,60.9,44.2
2006-08-01,1.5,1.28,1391188.0,,,,98.9,98.6,98.1,11.7,26.2,17.9,12.5,7.5,15.8,,,,10.4,54.8,40.1
2006-09-01,1.5,1.31,1396458.0,,,,98.1,98.2,98.3,14.9,36.0,14.8,-0.8,14.4,7.3,,,,13.6,41.3,31.4
2006-10-01,1.5,1.32,1401743.0,,,,97.5,96.9,98.5,18.7,30.3,10.2,2.3,10.5,24.8,,,,4.8,31.7,37.2
2006-11-01,1.5,1.31,1407338.0,,,,97.4,96.2,98.7,22.9,31.1,18.6,4.5,19.0,20.5,,,,3.4,36.2,36.2
2006-12-01,1.49,1.28,1408680.0,,,,98.8,96.0,100.1,20.1,39.3,19.0,-1.8,5.9,24.1,,,,-7.4,27.6,44.4
2007-01-01,1.49,1.31,1412583.0,145.0,81.5,104.4,97.6,97.3,99.4,7.4,31.9,11.3,7.5,20.5,26.3,,,,0.1,38.5,36.0
2007-02-01,1.49,1.3,1419145.0,,,,98.6,98.2,99.9,24.5,31.2,20.5,3.5,20.7,27.4,,,,21.9,33.3,41.3
2007-03-01,1.47,1.28,1420809.0,,,,99.8,99.8,99.9,13.3,32.6,8.9,2.8,27.0,28.6,,,,6.9,34.7,34.3
2007-04-01,1.49,1.28,1428601.0,,,,100.9,100.2,100.5,3.9,27.4,6.7,2.9,15.3,23.3,,,,10.1,41.7,36.3
2007-05-01,1.47,1.28,1438224.0,,,,100.8,100.5,99.9,10.0,34.4,12.0,3.7,12.2,25.4,,,,16.8,44.0,40.4
2007-06-01,1.5,1.28,1445155.0,,,,100.8,100.5,100.5,24.3,18.1,18.3,17.3,17.7,19.2,,,,9.3,34.2,46.9
2007-07-01,1.5,1.29,1447212.0,,,,100.3,100.7,101.7,26.2,29.6,21.9,6.8,19.2,37.4,,,,1.4,34.5,44.3
2007-08-01,1.5,1.28,1452795.0,,,,100.3,99.8,99.7,22.8,26.9,20.9,-0.5,25.7,35.5,,,,1.9,27.0,37.2
2007-09-01,1.49,1.28,1460482.0,,,,100.4,99.4,100.1,14.7,22.3,12.6,7.5,16.9,37.8,,,,-0.8,29.5,36.5
2007-10-01,1.48,1.27,1466245.0,,,,99.4,100.1,99.2,25.7,27.9,22.1,7.8,21.7,36.5,,,,-0.1,39.3,45.8
2007-11-01,1.47,1.26,1476656.0,,,,100.4,101.4,99.4,25.9,19.0,22.2,6.6,6.4,27.7,,,,-12.0,35.4,46.2
2007-12-01,1.49,1.28,1488223.0,,,,100.6,102.1,99.9,8.6,23.8,10.8,-5.4,24.3,24.3,,,,-22.3,36.5,45.1
2008-01-01,1.49,1.27,1500138.0,155.8,79.2,105.6,101.4,102.7,99.7,7.2,23.2,0.9,-18.3,15.5,15.0,,,,-25.3,42.9,43.8
2008-02-01,1.5,1.28,1507310.0,,,,100.5,102.9,98.3,-7.3,16.8,-7.0,-20.2,6.1,-4.9,,,,-24.7,47.8,48.3
2008-03-01,1.49,1.28,1508083.0,,,,99.8,102.4,98.5,-14.7,18.0,-1.2,-14.9,3.5,15.6,,,,-28.2,67.0,55.1
2008-04-01,1.49,1.27,1514549.0,,,,97.9,101.6,97.2,-3.1,11.5,-2.4,-21.3,14.9,16.1,,,,-29.2,71.4,56.1
2008-05-01,1.47,1.26,1517375.0,,,,96.4,99.9,96.4,-3.9,13.0,1.7,-16.1,16.8,32.7,,,,-14.0,69.2,56.7
2008-06-01,1.47,1.25,1526777.0,,,,97.2,98.9,95.4,-8.2,22.1,-3.0,-16.8,3.6,19.9,,,,-25.8,75.0,65.8
2008-07-01,1.48,1.26,1535732.0,,,,94.2,97.4,94.3,-5.2,11.6,3.4,-16.2,8.3,20.7,,,,-22.5,68.3,67.5
2008-08-01,1.49,1.29,1539186.0,,,,92.5,97.2,93.2,-0.9,14.6,-2.9,-17.6,11.4,33.6,,,,-15.5,58.3,49.8
2008-09-01,1.51,1.31,1528711.0,,,,88.9,94.0,90.3,-8.1,16.1,1.2,2.1,13.4,34.5,,,,-35.9,42.7,31.3
2008-10-01,1.57,1.36,1514194.0,,,,86.7,89.5,91.6,-25.9,6.1,-20.6,-37.8,-3.7,-6.0,,,,-53.4,21.6,-4.4
2008-11-01,1.62,1.45,1498070.0,,,,84.2,83.3,89.8,-22.6,-10.8,-20.4,-40.9,-11.3,-2.3,,,,-56.0,10.0,-19.2
2008-12-01,1.62,1.47,1465714.0,,,,80.5,77.2,85.6,-25.4,-10.6,-22.4,-37.6,-18.6,5.3,,,,-58.2,4.6,-17.2
2009-01-01,1.57,1.48,1447913.0,147.4,73.8,108.2,74.4,71.6,85.3,-26.5,-11.4,-24.8,-31.1,-17.6,13.2,,,,-55.0,8.7,-26.3
2009-02-01,1.56,1.45,1427102.0,,,,74.7,68.1,86.3,-34.3,-11.5,-26.4,-39.3,-15.4,19.7,,,,-60.0,8.2,-18.6
2009-03-01,1.57,1.47,1406199.0,,,,72.3,63.1,84.6,-33.7,-19.1,-43.8,-34.7,-16.2,14.1,,,,-54.3,7.8,-12.0
2009-04-01,1.54,1.45,1387718.0,,,,70.9,60.2,84.6,-19.3,-1.1,-10.5,-25.2,-3.5,31.2,,,,-37.5,5.9,0.7
2009-05-01,1.5,1.43,1372383.0,,,,68.1,57.8,85.2,-6.0,-1.1,-8.6,-22.4,-2.8,40.5,,,,-25.2,10.0,3.6
2009-06-01,1.45,1.39,1354509.0,,,,68.0,57.1,85.5,-9.7,11.5,-6.4,0.2,1.1,52.2,,,,-22.1,15.3,18.1
2009-07-01,1.43,1.36,1338517.0,,,,69.4,58.0,84.9,0.0,2.1,4.6,-6.6,1.3,45.9,,,,-20.6,15.4,15.2
2009-08-01,1.37,1.32,1321603.0,,,,71.0,59.3,85.7,12.7,18.1,14.3,8.8,2.0,46.9,,,,-5.6,24.5,34.4
2009-09-01,1.41,1.32,1315316.0,,,,71.5,61.1,85.3,21.0,14.3,19.0,15.1,-1.5,47.9,,,,-2.6,23.2,31.8
2009-10-01,1.41,1.31,1323656.0,,,,72.2,61.4,85.5,33.0,18.2,28.6,12.7,7.5,40.1,,,,-7.8,14.3,30.5
2009-11-01,1.4,1.3,1334051.0,,,,73.1,63.5,86.6,25.8,21.1,18.8,15.4,11.6,40.7,,,,-1.7,19.6,32.5
2009-12-01,1.39,1.28,1331497.0,,,,73.4,64.4,85.3,5.2,30.3,3.8,16.5,12.8,30.5,,,,3.3,22.8,53.4
2010-01-01,1.39,1.27,1333884.0,140.3,72.0,109.2,74.5,65.9,86.3,15.1,33.3,18.1,12.9,14.2,41.6,,,,6.7,31.1,54.6
2010-02-01,1.4,1.28,1342686.0,,,,74.3,66.8,86.2,21.5,27.8,10.5,13.9,24.8,40.2,,,,-3.6,38.5,46.5
2010-03-01,1.37,1.26,1348688.0,,,,75.6,68.4,86.5,19.8,27.2,25.6,14.2,9.5,43.3,,,,6.8,42.7,38.4
2010-04-01,1.36,1.25,1353657.0,,,,76.8,69.6,86.8,27.4,31.6,20.0,16.0,10.1,45.6,,,,24.4,47.3,46.0
2010-05-01,1.38,1.26,1357851.0,,,,78.6,71.6,87.1,18.0,38.2,13.1,22.2,8.4,49.2,,,,12.7,46.8,40.3
2010-06-01,1.4,1.27,1367670.0,,,,78.7,73.0,86.9,19.8,28.4,20.4,14.9,3.4,33.8,,,,0.4,38.1,36.4
2010-07-01,1.41,1.27,1379915.0,,,,80.0,73.3,86.7,5.3,14.3,10.0,7.7,9.0,23.4,,,,-17.1,22.2,23.2
2010-08-01,1.41,1.28,1391841.0,,,,79.5,74.1,87.6,10.0,22.9,1.8,3.6,15.0,32.7,,,,-8.7,26.3,28.1
2010-09-01,1.41,1.28,1406906.0,,,,80.1,74.5,87.8,9.9,25.4,7.1,4.5,9.4,22.0,,,,-13.5,28.3,31.6
2010-10-01,1.4,1.27,1423474.0,,,,80.4,74.8,87.3,15.2,25.0,10.4,0.3,23.1,43.5,,,,2.7,29.8,36.2
2010-11-01,1.38,1.27,1434523.0,,,,80.8,76.3,87.2,-7.4,23.4,-21.4,19.1,21.1,39.6,,,,18.4,33.0,41.9
2010-12-01,1.38,1.27,1450371.0,,,,81.2,77.4,87.5,11.9,22.7,5.2,15.4,30.5,43.1,,,,16.4,40.6,45.7
2011-01-01,1.37,1.25,1462403.0,147.4,70.8,108.5,81.9,78.2,87.2,9.6,34.7,8.3,16.5,27.8,35.9,,,,8.0,62.9,53.6
2011-02-01,1.36,1.26,1472231.0,,,,82.6,78.5,86.8,12.1,27.7,9.2,28.9,13.7,38.7,,,,14.8,63.2,66.0
2011-03-01,1.36,1.24,1489022.0,,,,83.8,80.7,87.5,12.4,22.1,6.2,36.4,30.7,55.4,34.8,17.2,18.4,9.2,63.4,55.8
2011-04-01,1.35,1.25,1502663.0,,,,83.0,81.1,87.5,19.1,29.5,14.0,12.9,19.3,30.9,33.7,32.4,7.5,10.5,68.1,57.5
2011-05-01,1.36,1.27,1520742.0,,,,83.8,82.1,86.9,10.1,30.1,13.7,6.2,24.5,25.3,15.1,28.8,8.5,-0.6,53.8,50.2
2011-06-01,1.35,1.27,1527083.0,,,,84.0,82.3,87.0,-5.3,26.5,-1.2,-0.5,12.0,8.5,12.5,26.9,16.3,-19.6,38.1,45.6
2011-07-01,1.35,1.27,1534390.0,,,,84.0,83.0,87.2,-6.0,22.2,-4.6,7.1,17.0,32.1,-4.6,30.9,23.6,-3.3,40.2,50.4
2011-08-01,1.36,1.27,1541898.0,,,,84.9,83.3,87.0,-3.9,8.7,-3.9,-19.5,8.9,26.9,-9.1,17.9,6.0,-12.4,30.2,29.8
2011-09-01,1.35,1.26,1536572.0,,,,85.6,84.1,87.2,-4.3,9.8,-4.5,-10.7,7.1,19.5,1.3,11.6,2.1,-15.8,28.0,37.0
2011-10-01,1.34,1.26,1550732.0,,,,86.5,84.1,88.0,-5.7,7.9,1.7,6.2,15.7,28.6,-8.7,21.8,16.0,0.9,20.0,36.8
2011-11-01,1.35,1.27,1557904.0,,,,87.0,86.0,87.4,4.9,25.6,1.6,4.0,16.1,36.2,30.1,22.7,3.9,2.8,20.9,28.9
2011-12-01,1.35,1.27,1567171.0,,,,88.5,87.2,88.2,11.7,23.3,10.1,2.4,14.3,38.6,13.0,26.2,16.2,-1.1,25.8,33.6
2012-01-01,1.34,1.25,1574265.0,,,,89.8,88.1,89.2,11.5,25.3,8.7,7.5,23.8,43.5,24.3,7.8,29.5,13.9,31.5,40.3
2012-02-01,1.34,1.25,1586863.0,,,,91.0,89.5,89.7,17.5,31.8,7.1,10.3,15.4,32.2,39.2,27.3,6.0,16.1,32.9,44.5
2012-03-01,1.34,1.26,1593127.0,,,,90.6,88.6,89.2,15.5,32.1,4.4,8.8,11.1,37.1,52.4,17.5,7.9,9.5,36.4,53.9
2012-04-01,1.36,1.26,1601090.0,,,,92.6,89.9,89.8,7.8,31.3,4.1,5.7,21.6,42.4,16.2,25.2,15.2,-5.8,33.7,39.0
2012-05-01,1.38,1.27,1605876.0,,,,92.0,90.0,89.5,14.2,19.3,7.1,-0.8,7.9,35.4,13.1,23.2,7.4,-1.5,32.6,34.4
2012-06-01,1.4,1.3,1611486.0,,,,92.8,90.1,89.3,1.6,21.6,3.0,-12.5,14.7,34.3,10.7,14.3,5.8,1.8,19.8,16.5
2012-07-01,1.41,1.3,1624907.0,,,,94.4,90.7,90.5,3.2,19.8,-3.3,-12.7,1.6,25.5,-1.8,9.9,7.3,-18.4,21.3,35.1
2012-08-01,1.39,1.3,1631580.0,,,,93.1,90.2,90.5,-2.7,12.9,-3.0,-2.6,9.2,25.9,19.6,20.7,14.1,-5.4,23.1,40.2
2012-09-01,1.39,1.29,1644631.0,,,,92.8,89.2,90.5,-6.9,12.8,-10.3,0.2,3.6,42.7,5.3,19.6,18.1,-6.8,23.7,46.9
2012-10-01,1.39,1.29,1645122.0,,,,92.1,89.0,89.4,-4.6,6.5,-6.6,-1.2,2.4,20.8,-2.3,34.6,9.7,-3.6,35.0,37.6
2012-11-01,1.39,1.29,1651518.0,,,,93.8,90.1,90.2,-0.8,9.0,6.1,-10.6,2.5,22.5,10.5,17.8,16.2,-8.8,28.7,38.6
2012-12-01,1.39,1.29,1658022.0,,,,95.2,90.8,91.6,-5.8,12.9,0.3,2.5,17.5,28.9,29.0,26.7,7.7,2.2,22.0,38.2
2013-01-01,1.4,1.29,1670363.0,,,,95.3,91.1,91.5,-7.5,4.3,-10.9,-1.4,9.0,31.9,12.0,28.3,16.1,5.7,27.6,38.6
2013-02-01,1.39,1.27,1672476.0,,,,96.1,93.3,91.5,9.2,14.1,12.4,-5.4,15.5,38.9,-6.6,20.8,13.2,2.7,21.1,36.8
2013-03-01,1.4,1.29,1672260.0,,,,96.2,92.2,91.2,4.9,15.1,4.7,2.1,3.3,38.0,8.7,29.5,7.6,9.4,27.2,40.0
2013-04-01,1.41,1.3,1676141.0,,,,96.1,91.8,91.4,4.5,20.5,2.8,0.4,9.0,34.4,15.7,19.7,6.1,-15.7,23.7,29.9
2013-05-01,1.4,1.28,1672204.0,,,,95.6,90.9,91.6,-1.1,22.7,-3.1,0.3,12.2,42.1,36.2,19.6,13.8,-6.0,21.5,26.5
2013-06-01,1.41,1.29,1675065.0,,,,96.2,91.0,91.8,4.5,3.2,-7.8,12.7,21.7,40.2,18.7,19.1,7.9,6.1,22.1,29.8
2013-07-01,1.4,1.29,1679807.0,,,,95.4,92.2,92.0,5.2,9.8,2.3,15.9,25.5,52.3,40.1,17.2,6.6,2.6,21.2,35.4
2013-08-01,1.41,1.29,1688431.0,,,,96.7,92.5,91.9,9.7,24.1,2.8,8.1,19.6,39.1,12.2,18.0,10.0,5.0,14.6,28.5
2013-09-01,1.42,1.3,1697896.0,,,,97.0,92.2,90.6,7.7,15.1,2.9,20.5,25.5,51.4,31.1,37.3,3.2,11.6,17.8,30.6
2013-10-01,1.43,1.3,1707839.0,,,,97.4,94.2,90.9,3.6,15.7,9.5,13.4,25.6,61.2,32.7,6.7,4.4,1.6,22.2,33.4
2013-11-01,1.45,1.3,1718159.0,,,,,,,2.2,9.2,-2.5,4.6,18.3,46.0,20.0,16.3,10.7,0.1,22.4,32.3
2013-12-01,1.45,1.3,1727113.0,,,,,,,3.2,8.4,1.1,3.8,14.4,44.5,21.1,13.9,3.0,3.4,27.6,41.7
2014-01-01,1.46,1.32,1732857.0,,,,,,,12.8,12.2,8.1,15.3,21.2,40.7,23.7,16.0,3.5,5.0,30.3,37.1
2014-02-01,1.44,1.31,1742476.0,,,,,,,6.8,2.5,1.9,2.4,21.5,39.5,9.2,11.6,13.0,0.6,28.3,39.6
2014-03-01,1.43,1.3,1750382.0,,,,,,,2.8,16.5,0.8,12.5,26.2,38.5,20.3,17.8,13.9,7.3,32.0,30.7
2014-04-01,1.42,1.3,1757356.0,,,,,,,4.1,23.5,-0.4,17.0,25.0,38.7,23.0,22.4,14.1,14.2,24.3,30.2
2014-05-01,1.42,1.31,1765529.0,,,,,,,17.5,19.8,8.6,18.4,23.9,42.6,27.9,25.8,11.9,13.5,32.0,36.4
2014-06-01,1.42,1.31,1769192.0,,,,,,,15.8,11.8,13.1,14.2,28.0,55.7,36.6,22.4,14.1,12.1,32.1,38.0
2014-07-01,1.43,1.3,1774651.0,,,,,,,21.0,9.1,16.5,21.4,19.6,48.8,41.7,26.6,10.4,11.2,29.6,37.1
2014-08-01,1.43,1.31,1780666.0,,,,,,,16.1,18.2,15.6,22.7,16.4,51.4,34.3,21.4,9.8,6.6,24.8,48.1
2014-09-01,1.43,1.32,1782712.0,,,,,,,29.4,13.0,17.3,21.7,21.7,44.4,30.5,20.6,16.0,9.6,23.1,36.0
2014-10-01,1.43,1.32,1786464.0,,,,,,,6.2,21.6,1.8,18.0,20.9,49.1,29.0,25.3,5.3,8.4,21.6,31.9
2014-11-01,1.43,1.34,1791932.0,,,,,,,12.0,27.7,10.3,35.6,22.8,44.3,30.7,23.5,5.3,8.7,16.7,28.6
2014-12-01,1.45,1.35,1789576.0,,,,,,,-2.5,15.6,0.4,21.6,23.4,43.8,28.8,3.1,12.7,3.0,16.7,11.7
2015-01-01,1.45,1.38,1789515.0,,,,,,,12.5,14.7,6.9,13.2,17.7,46.9,21.2,15.4,7.5,-4.6,17.5,7.8
2015-02-01,1.46,1.39,1795461.0,,,,,,,10.6,32.6,3.1,11.3,22.9,46.1,37.0,17.0,7.4,-12.9,15.9,4.8
2015-03-01,1.44,1.38,1798476.0,,,,,,,3.7,18.6,-6.3,7.2,10.9,37.5,26.6,21.1,3.7,-17.3,15.3,12.1
2015-04-01,1.45,1.38,1804475.0,,,,,,,0.1,24.5,-4.7,9.7,15.6,33.8,24.9,16.6,10.8,-16.2,18.5,19.2
2015-05-01,1.44,1.38,1809028.0,,,,,,,3.9,15.6,3.7,5.8,15.7,35.2,15.1,11.4,10.2,-18.1,17.0,19.7
2015-06-01,1.45,1.38,1820330.0,,,,,,,-4.8,11.5,-6.9,8.2,10.3,48.2,20.3,29.8,9.4,-6.8,18.3,19.9
2015-07-01,1.44,1.38,1820678.0,,,,,,,1.7,21.3,-5.0,4.6,9.4,45.6,5.1,19.0,24.1,-5.1,11.6,21.7
2015-08-01,1.45,1.4,1823338.0,,,,,,,-13.9,17.3,-14.6,5.5,16.5,39.1,21.1,23.4,19.2,-16.9,9.7,17.1
2015-09-01,1.47,1.4,1827080.0,,,,,,,-12.7,11.3,-11.9,-3.7,26.5,41.1,21.0,19.7,9.3,-10.3,13.2,17.2
2015-10-01,1.49,1.41,1829859.0,,,,,,,-13.7,12.3,-15.3,-4.9,7.9,36.5,27.0,18.1,11.7,-14.3,11.1,16.2
2015-11-01,1.48,1.42,1826349.0,,,,,,,-9.7,12.7,-11.4,-3.5,25.0,44.2,18.4,19.5,,-5.5,10.5,22.6
2015-12-01,1.48,1.43,1822793.0,,,,,,,-5.9,16.2,-6.1,-9.2,9.0,29.5,23.8,21.6,,-21.6,7.8,15.1
2016-01-01,1.5,1.44,1822766.0,,,,,,,-16.6,15.0,-20.6,-4.5,10.5,20.9,15.7,15.2,10.3,-35.7,14.7,9.2
2016-02-01,1.49,1.43,1818023.0,,,,,,,-12.9,12.9,-10.0,-4.8,4.4,19.9,16.8,21.3,11.1,-32.8,7.8,9.8
2016-03-01,1.51,1.43,1824047.0,,,,,,,-2.5,15.8,3.0,8.3,11.1,35.2,16.3,5.1,15.1,-11.8,16.8,17.0
2016-04-01,1.5,1.43,1829532.0,,,,,,,8.9,22.1,10.7,-1.7,11.3,44.0,10.8,13.1,11.3,-11.8,19.4,18.9
2016-05-01,1.5,1.43,1834672.0,,,,,,,-7.4,3.1,-2.8,-5.5,21.9,40.7,19.8,19.9,13.3,-17.4,27.9,18.7
2016-06-01,1.49,1.41,1835501.0,,,,,,,3.1,11.2,6.6,4.3,9.6,38.8,8.3,22.4,12.7,-17.5,24.8,15.4
2016-07-01,1.5,1.42,1836873.0,,,,,,,1.4,11.0,-1.5,1.5,13.2,35.9,29.0,21.4,11.1,0.4,18.0,17.6
2016-08-01,1.5,1.42,1836994.0,,,,,,,-5.6,4.1,0.7,5.0,18.6,42.3,12.8,9.3,7.7,-5.7,18.9,22.4
2016-09-01,1.49,1.41,1840016.0,,,,,,,-1.6,10.7,-6.4,12.3,10.8,37.1,9.3,29.1,13.1,-2.7,18.5,24.8
2016-10-01,1.49,1.41,1841542.0,,,,,,,-9.5,13.2,-2.8,10.9,22.9,40.4,10.8,17.4,14.0,-1.4,18.3,26.4
2016-11-01,1.5,1.42,1853164.0,,,,,,,1.9,12.7,2.9,10.4,19.5,35.6,13.0,18.0,6.3,12.2,16.2,34.6
2016-12-01,1.48,1.39,1857230.0,,,,,,,9.6,21.7,9.3,22.3,31.3,44.1,26.0,20.5,7.3,18.0,25.9,39.7
2017-01-01,1.47,1.39,1861290.0,,,,,,,7.5,25.2,6.8,24.1,22.2,51.5,28.5,24.9,10.9,22.4,32.2,36.3
2017-02-01,1.48,1.39,1864251.0,,,,,,,20.1,22.4,13.5,42.2,22.2,48.7,23.6,18.2,13.9,23.2,36.8,35.2
2017-03-01,1.49,1.4,1867559.0,,,,,,,15.6,23.9,17.0,29.7,32.6,58.2,19.5,13.9,11.1,17.0,33.0,40.6
2017-04-01,1.48,1.39,1866023.0,,,,,,,6.2,27.7,9.9,22.1,35.1,56.3,27.6,32.0,6.2,17.5,30.6,27.2
2017-05-01,1.49,1.4,1870152.0,,,,,,,0.7,13.4,-2.2,33.8,34.2,50.3,14.0,14.8,7.3,19.8,29.2,27.3
2017-06-01,1.49,1.4,1878737.0,,,,,,,18.8,20.8,16.1,28.4,29.3,41.2,16.6,5.2,6.2,15.1,23.4,19.1
2017-07-01,1.49,1.41,1885696.0,,,,,,,11.8,15.0,13.8,22.6,38.6,46.1,8.8,21.6,9.6,17.0,24.1,23.7
2017-08-01,1.5,1.4,1896402.0,,,,,,,22.7,11.6,20.0,20.2,40.0,49.8,19.5,21.1,13.6,16.4,27.6,30.4
2017-09-01,1.45,1.38,1899836.0,,,,,,,23.6,24.4,23.7,24.2,40.5,56.4,24.6,17.5,8.7,21.3,34.2,35.5
2017-10-01,1.46,1.37,1900768.0,,,,,,,26.6,21.9,19.4,27.5,41.9,44.1,16.2,31.9,7.6,26.8,33.9,37.0
2017-11-01,1.44,1.36,1909729.0,,,,,,,19.1,25.4,18.2,25.0,37.7,50.2,14.5,26.4,10.7,19.5,32.0,49.0
2017-12-01,1.44,1.35,1917272.0,,,,,,,20.1,34.1,17.0,28.8,35.9,52.7,16.0,31.3,9.4,31.0,31.7,51.7
2018-01-01,1.45,1.37,1925945.0,,,,,,,19.4,34.8,16.6,21.5,36.3,47.2,24.7,25.2,7.9,34.8,38.5,41.5
2018-02-01,1.45,1.37,1935729.0,,,,,,,17.5,31.9,14.9,33.4,37.8,48.2,18.1,26.1,7.5,37.1,45.3,41.7
2018-03-01,1.45,1.37,1934698.0,,,,,,,23.5,29.4,16.1,20.2,35.5,49.0,29.4,32.7,7.4,22.1,52.3,48.7
2018-04-01,1.45,1.36,1939183.0,,,,,,,17.4,25.2,11.7,23.2,29.9,42.7,11.6,26.7,11.9,21.5,55.8,47.9
2018-05-01,1.44,1.34,1942052.0,,,,,,,17.0,29.5,15.9,31.9,22.4,45.0,33.8,31.8,9.3,28.8,55.1,50.6
2018-06-01,1.45,1.35,1944758.0,,,,,,,25.8,27.1,21.5,22.2,36.0,43.1,32.1,30.9,7.5,37.1,56.7,49.5
2018-07-01,1.45,1.35,1956703.0,,,,,,,21.6,17.1,19.2,24.7,29.7,31.6,27.1,30.0,11.2,33.1,51.9,48.9
2018-08-01,1.46,1.35,1967346.0,,,,,,,24.1,26.7,15.8,9.1,30.0,36.8,31.2,26.4,7.6,30.4,48.6,48.2
2018-09-01,1.46,1.36,1978179.0,,,,,,,19.0,19.5,16.1,21.7,28.5,32.1,28.1,25.8,8.1,27.6,42.2,42.6
2018-10-01,1.46,1.36,1988115.0,,,,,,,19.4,16.0,20.5,20.2,28.3,40.2,12.4,20.4,13.5,28.2,50.4,42.6
2018-11-01,1.45,1.37,1987502.0,,,,,,,21.1,24.8,16.6,13.2,36.2,41.6,24.9,41.3,8.6,15.8,36.8,36.8
2018-12-01,1.5,1.4,2001961.0,,,,,,,11.1,31.2,12.4,10.1,31.9,33.0,16.6,24.0,13.9,-7.0,30.9,33.8
2019-01-01,1.5,1.41,2016358.0,,,,,,,4.8,17.9,6.3,12.6,30.6,30.7,2.0,25.0,16.8,-0.9,31.5,29.3
2019-02-01,1.5,1.41,2022896.0,,,,,,,10.3,29.3,8.1,2.2,30.5,29.1,14.5,16.3,8.5,10.8,28.5,22.6
2019-03-01,1.47,1.4,2022918.0,,,,,,,5.1,28.3,3.6,10.5,20.6,22.9,22.5,26.1,8.2,6.8,30.6,26.3
2019-04-01,1.47,1.41,2033324.0,,,,,,,9.4,25.2,7.4,9.2,30.8,29.3,23.0,25.7,8.8,1.9,23.6,12.7
2019-05-01,1.47,1.41,2037127.0,,,,,,,14.4,26.2,8.2,17.3,23.4,26.4,12.6,23.3,8.3,-3.8,21.2,27.5
2019-06-01,1.47,1.42,2039218.0,,,,,,,-6.4,10.5,-9.7,2.3,28.5,35.4,15.3,20.9,9.4,-13.8,29.6,22.1
2019-07-01,1.46,1.42,2046137.0,,,,,,,4.2,19.0,-0.4,21.6,35.3,43.0,23.2,14.3,7.4,-6.8,26.0,26.4
2019-08-01,1.45,1.42,2046856.0,,,,,,,4.2,23.2,5.6,11.1,24.8,42.6,14.3,26.7,7.8,2.0,19.0,16.2
2019-09-01,1.46,1.43,2045084.0,,,,,,,2.2,4.6,1.9,13.2,27.2,29.6,11.8,24.2,9.1,1.2,25.4,19.7
2019-10-01,1.46,1.44,2045691.0,,,,,,,3.3,8.8,3.7,5.9,37.0,38.6,24.7,25.3,7.2,-6.3,25.7,19.3
2019-11-01,1.44,1.43,2044901.0,,,,,,,2.5,19.2,3.1,10.9,20.9,41.0,22.2,32.3,9.3,-2.0,21.2,26.4
2019-12-01,1.43,1.43,2042803.0,,,,,,,3.3,26.1,1.7,1.3,24.2,29.3,13.5,40.5,8.6,-3.4,15.9,13.6
2020-01-01,1.44,1.43,2036248.0,,,,,,,4.8,25.3,6.6,14.3,31.3,40.9,17.0,24.0,11.9,-1.0,14.9,17.8
2020-02-01,1.43,1.43,2024661.0,,,,,,,12.9,22.0,22.1,39.1,29.8,52.6,24.3,20.0,11.7,0.9,23.4,20.3
2020-03-01,1.53,1.51,2015855.0,,,,,,,-21.5,18.7,-9.3,-17.6,12.1,35.4,-17.8,6.0,22.6,-69.0,12.0,-9.9
2020-04-01,1.68,1.74,1987957.0,,,,,,,-78.2,-11.0,-66.3,-58.4,12.0,38.3,-64.6,-0.8,59.0,-74.5,11.4,3.3
2020-05-01,1.34,1.56,1940672.0,,,,,,,-48.5,-8.1,-42.4,-43.3,14.3,56.2,-34.6,-8.5,42.5,-47.8,18.6,20.5
2020-06-01,1.22,1.42,1917314.0,,,,,,,-0.2,3.1,-0.6,28.0,27.3,69.6,-13.1,-0.4,24.9,-6.0,26.5,20.0
2020-07-01,1.21,1.37,1922510.0,,,,,,,17.2,9.1,13.9,29.7,25.2,56.7,13.8,11.0,28.5,-1.4,21.6,25.2
2020-08-01,1.22,1.36,1933732.0,,,,,,,3.7,6.0,-1.7,14.8,24.6,55.7,14.3,9.3,17.2,9.3,27.1,26.6
2020-09-01,1.22,1.36,1947255.0,,,,,,,17.0,18.7,7.1,16.3,32.1,51.6,9.3,14.0,6.7,15.8,28.6,33.0
2020-10-01,1.25,1.36,1967170.0,,,,,,,10.5,11.9,12.3,31.3,38.1,53.5,8.5,19.0,14.6,21.4,29.4,34.9
2020-11-01,1.26,1.36,1979833.0,,,,,,,6.3,17.9,3.7,28.4,25.0,52.5,-3.6,25.9,14.2,13.2,33.6,42.8
2020-12-01,1.26,1.34,1991890.0,,,,,,,4.9,16.4,3.4,9.6,22.1,37.2,-7.4,21.6,19.2,11.2,47.3,49.6
2021-01-01,1.22,1.31,2009735.0,,,,,,,3.5,17.9,6.6,27.1,34.6,43.5,6.5,24.4,10.5,6.5,58.2,51.3
2021-02-01,1.26,1.34,2025751.0,,,,,,,12.1,28.6,10.8,31.9,26.8,36.3,0.5,29.2,10.4,17.1,60.0,51.6
2021-03-01,1.12,1.27,2026455.0,,,,,,,17.4,26.8,9.1,40.0,34.4,47.4,13.3,27.8,9.9,28.9,74.5,53.2
2021-04-01,1.1,1.26,2030487.0,,,,,,,26.3,31.5,26.9,48.9,36.4,61.8,11.0,32.4,12.5,38.1,80.2,53.0
2021-05-01,1.11,1.27,2046564.0,,,,,,,24.3,25.7,28.9,32.6,36.6,52.1,14.3,46.6,13.0,36.7,88.1,60.8
2021-06-01,1.1,1.26,2063358.0,,,,,,,17.4,18.4,16.3,31.5,41.4,70.1,27.1,46.8,9.2,31.5,85.4,54.0
2021-07-01,1.14,1.27,2090771.0,,,,,,,43.0,26.3,33.2,27.1,39.6,45.7,31.3,56.2,9.6,28.1,76.7,46.7
2021-08-01,1.13,1.28,2110438.0,,,,,,,18.3,23.0,14.8,16.5,35.5,38.7,30.3,49.1,9.9,9.1,76.6,60.5
2021-09-01,1.13,1.28,2134263.0,,,,,,,34.3,33.9,33.7,32.4,24.8,26.5,15.7,48.0,7.6,4.9,81.3,54.9
2021-10-01,1.12,1.28,2166413.0,,,,,,,19.8,31.5,24.3,22.7,35.0,28.0,18.3,66.5,4.1,14.8,75.0,49.3
2021-11-01,1.13,1.28,2202705.0,,,,,,,30.9,34.7,28.8,40.6,30.6,32.8,19.0,67.9,10.0,11.3,80.9,57.0
2021-12-01,1.19,1.31,2257524.0,,,,,,,31.9,38.0,27.1,13.8,18.2,19.9,17.5,58.1,9.2,7.6,69.1,45.1
2022-01-01,1.19,1.29,2294357.0,,,,,,,-0.7,39.7,-5.0,19.9,23.9,28.2,3.8,58.9,11.0,0.8,67.0,57.0
2022-02-01,1.2,1.3,2333243.0,,,,,,,3.1,37.8,1.4,19.1,21.2,23.3,12.9,70.7,6.8,12.8,77.1,49.8
2022-03-01,1.21,1.3,2381184.0,,,,,,,-11.8,35.5,-11.2,23.3,25.8,21.6,26.2,63.5,8.5,7.9,82.0,56.2
2022-04-01,1.2,1.3,2408435.0,,,,,,,24.6,31.8,25.1,16.9,19.8,6.5,9.5,69.2,7.6,0.7,71.3,49.9
2022-05-01,1.22,1.32,2447893.0,,,,,,,-11.6,25.4,-8.8,3.5,8.8,18.1,-3.4,70.2,12.2,-7.2,73.6,46.1
2022-06-01,1.23,1.32,2479134.0,,,,,,,-1.2,25.6,5.3,-2.7,12.6,-6.2,11.9,73.9,4.5,-18.7,68.9,33.5
2022-07-01,1.26,1.35,2493530.0,,,,,,,11.1,16.5,6.2,-7.4,2.6,-12.7,7.7,63.8,10.4,-23.6,51.7,23.5
2022-08-01,1.26,1.36,2511345.0,,,,,,,-31.3,12.7,-29.6,2.7,20.0,-7.5,1.8,57.3,12.4,-14.3,41.9,19.1
2022-09-01,1.26,1.36,2513182.0,,,,,,,-1.5,17.9,3.7,-7.8,5.8,0.1,-0.7,70.0,5.2,-18.7,46.1,22.5
2022-10-01,1.25,1.36,2520491.0,,,,,,,-9.1,22.0,3.7,-9.9,6.8,-15.0,0.2,78.4,12.6,-20.8,42.1,26.3
2022-11-01,1.26,1.38,2524932.0,,,,,,,4.5,14.6,-3.3,-17.0,6.1,0.4,-7.0,57.0,16.9,-16.0,33.7,22.3
2022-12-01,1.28,1.39,2529366.0,,,,,,,-11.2,23.4,-3.6,-15.2,16.1,9.3,-3.6,51.1,12.2,-20.9,34.4,19.5
2023-01-01,1.24,1.36,2527240.0,,,,,,,-32.9,22.3,-31.1,-9.8,9.5,4.0,7.1,47.6,10.9,-8.5,32.4,14.2
2023-02-01,1.25,1.37,2523989.0,,,,,,,-5.8,18.3,-7.8,-17.8,8.4,8.1,2.1,49.2,13.2,-14.5,33.0,25.1
2023-03-01,1.28,1.39,2522573.0,,,,,,,-24.6,13.3,-21.7,-22.4,-0.9,6.6,-11.8,40.8,11.3,-16.7,32.6,25.1
2023-04-01,1.27,1.38,2520942.0,,,,,,,10.8,16.5,25.1,-26.3,-4.2,10.1,-20.4,38.3,12.7,-24.3,32.9,7.7
2023-05-01,1.27,1.38,2517951.0,,,,,,,-31.8,0.9,-28.0,-10.0,2.1,2.8,-2.6,41.6,10.1,-30.1,28.6,4.5
2023-06-01,1.27,1.38,2515043.0,,,,,,,6.6,8.0,3.1,-13.6,10.6,13.6,-13.4,23.4,13.4,-24.4,21.4,4.5
2023-07-01,1.27,1.37,2511946.0,,,,,,,1.1,2.9,3.3,-14.2,5.3,29.5,-12.1,39.2,14.7,-21.2,21.4,14.2
2023-08-01,1.27,1.36,2523756.0,,,,,,,-19.0,13.6,-19.9,7.7,-2.3,17.9,-13.9,41.6,11.2,-18.5,25.0,21.3
2023-09-01,1.27,1.35,2530833.0,,,,,,,1.9,10.3,5.1,-13.4,6.2,22.9,-8.7,38.9,12.4,-19.2,30.3,22.8
2023-10-01,1.28,1.37,2528517.0,,,,,,,-4.6,9.6,-4.2,-12.1,-4.5,18.8,-14.1,44.7,9.5,-20.6,22.6,29.9
2023-11-01,1.28,1.36,2523556.0,,,,,,,9.1,3.0,-4.9,-8.0,-3.3,15.1,-9.5,37.9,9.1,-21.4,20.7,28.5
2023-12-01,1.28,1.37,2534336.0,,,,,,,-14.5,4.2,-11.3,-12.8,-7.5,21.6,-5.7,31.7,8.6,-10.4,21.3,26.1
2024-01-01,1.3,1.38,2533958.0,,,,,,,-43.7,13.7,-49.4,-10.6,7.5,9.7,1.9,33.8,7.0,-27.4,25.0,25.2
